id,utr,credit_paise,narration,value_date
bl_dup_00304,HQR6F7QNEZW9HEYC,4706248,RZPX*ACMEENTERP7F3A2C,2026-03-06T00:00:00Z
bl_dup_00306,GM5V2WWG84D4R9V4,167517,RZPX*SUNRISEMARTGM5V2WWG,2026-01-21T16:07:00Z
bl_dup_00308,ILU6VFUA9BQ1BTR2,105065,RZPX*ACMEENTERPILU6VFUA,2026-04-10T15:04:00Z
bl_dup_00310,1YOHMI9AYFQUV9QE,329251,RZPX*APEXRETAIL1YOHMI9A,2026-03-11T08:30:00Z
bl_dup_00312,ZAWNYTK1ZWUHYWM7,192316,RZPX*NORTHSTARCOZAWNYTK1,2026-04-18T12:53:00Z
bl_setl_synth_016ZZOILKQXLM5Q2,016ZZOILKQXLM5Q2,135356,RZPX*APEXRETAIL016ZZOIL,2026-02-03T06:33:00Z
bl_setl_synth_06XKXB94PDZP6LFE,06XKXB94PDZP6LFE,3711976,RZPX*NORTHSTARCO06XKXB94,2026-03-12T07:35:00Z
bl_setl_synth_07G2RE6ZVLHYL2LD,07G2RE6ZVLHYL2LD,320155,RZPX*APEXRETAIL07G2RE6Z,2026-02-08T11:50:00Z
bl_setl_synth_0I9G5DZX5QJICJDA,0I9G5DZX5QJICJDA,862492,RZPX*APEXRETAIL0I9G5DZX,2026-05-06T17:07:00Z
bl_setl_synth_11KERPETIUYMO0PQ,11KERPETIUYMO0PQ,458463,RZPX*ACMEENTERP11KERPET,2026-01-07T07:05:00Z
bl_setl_synth_15BCW790PDW5PY6B,15BCW790PDW5PY6B,3122282,RZPX*ACMEENTERP15BCW790,2026-02-16T21:52:00Z
bl_setl_synth_16DVTJA0ASSNH2OD,16DVTJA0ASSNH2OD,810127,RZPX*APEXRETAIL16DVTJA0,2026-03-02T04:50:00Z
bl_setl_synth_1BCPPVOHSMDYVSLH,1BCPPVOHSMDYVSLH,705616,RZPX*NORTHSTARCO1BCPPVOH,2026-04-30T01:53:00Z
bl_setl_synth_1DDQLEM1QQ4D3KZV,1DDQLEM1QQ4D3KZV,1923189,RZPX*GLOBALTRADE1DDQLEM1,2026-01-16T07:20:00Z
bl_setl_synth_1G463SDYGFLIJI18,1G463SDYGFLIJI18,2770927,RZPX*SUNRISEMART1G463SDY,2026-04-18T10:26:00Z
bl_setl_synth_1N759IN4OLR6N92X,1N759IN4OLR6N92X,4421081,RZPX*GLOBALTRADE1N759IN4,2026-03-09T12:04:00Z
bl_setl_synth_1R1DWWO8NBHNAL3G,1R1DWWO8NBHNAL3G,3712367,RZPX*ACMEENTERP1R1DWWO8,2026-02-11T07:27:00Z
bl_setl_synth_1W4K2TCZS8S2FTOM,1W4K2TCZS8S2FTOM,336902,RZPX*GLOBALTRADE1W4K2TCZ,2026-01-26T11:02:00Z
bl_setl_synth_1YOHMI9AYFQUV9QE,1YOHMI9AYFQUV9QE,329251,RZPX*APEXRETAIL1YOHMI9A,2026-03-11T08:30:00Z
bl_setl_synth_207MERBYEAWHMLVH,207MERBYEAWHMLVH,327197,RZPX*GLOBALTRADEEA7187F0,2026-03-17T05:42:00Z
bl_setl_synth_29Q2L48C1CQG433E,29Q2L48C1CQG433E,1788672,RZPX*GLOBALTRADE29Q2L48C,2026-02-19T14:46:00Z
bl_setl_synth_2IRMUQ9E5COZROOU,2IRMUQ9E5COZROOU,2970615,RZPX*GLOBALTRADE2IRMUQ9E,2026-03-13T07:46:00Z
bl_setl_synth_2MTR6SNGLH62C9T1,2MTR6SNGLH62C9T1,2050442,RZPX*GLOBALTRADE2MTR6SNG,2026-03-28T18:46:00Z
bl_setl_synth_2WBXANJ4X5A5XIN9,2WBXANJ4X5A5XIN9,2102115,RZPX*ACMEENTERP2WBXANJ4,2026-01-28T02:10:00Z
bl_setl_synth_2ZLAOI4E8XF7KZOR,2ZLAOI4E8XF7KZOR,3979862,RZPX*APEXRETAIL2ZLAOI4E,2026-01-22T01:19:00Z
bl_setl_synth_32OC6UZHR5XFF0T0,32OC6UZHR5XFF0T0,1808552,RZPX*APEXRETAIL32OC6UZH,2026-04-04T11:12:00Z
bl_setl_synth_350P3CYAZBCGJC36,350P3CYAZBCGJC36,3484308,RZPX*APEXRETAIL350P3CYA,2026-04-23T03:50:00Z
bl_setl_synth_37C6QC6K8DJZR5SW,37C6QC6K8DJZR5SW,329014,RZPX*SUNRISEMART37C6QC6K,2026-03-27T12:56:00Z
bl_setl_synth_3BZT9D31K9QM3P91,3BZT9D31K9QM3P91,2203945,RZPX*GLOBALTRADE3BZT9D31,2026-04-16T18:50:00Z
bl_setl_synth_3IUZGPPOHSWQ40ZS,3IUZGPPOHSWQ40ZS,4303560,RZPX*NORTHSTARCO3IUZGPPO,2026-03-28T21:14:00Z
bl_setl_synth_3JBCK88D0TGSIWG0,3JBCK88D0TGSIWG0,3416686,RZPX*APEXRETAIL3JBCK88D,2026-04-22T12:37:00Z
bl_setl_synth_3NY9V20YAR821UZV,3NY9V20YAR821UZV,4021919,RZPX*GLOBALTRADE3NY9V20Y,2026-04-07T19:28:00Z
bl_setl_synth_45L6D10A1WHHKT1Y,45L6D10A1WHHKT1Y,246957,RZPX*SUNRISEMART45L6D10A,2026-01-07T10:58:00Z
bl_setl_synth_45NQ4FMYZYCWTIQJ,45NQ4FMYZYCWTIQJ,385094,RZPX*NORTHSTARCO45NQ4FMY,2026-04-01T07:49:00Z
bl_setl_synth_4LTAHUKWQVR1H61I,4LTAHUKWQVR1H61I,3293593,RZPX*ACMEENTERP4LTAHUKW,2026-01-15T16:17:00Z
bl_setl_synth_4PYZR6QCEOUUYLAJ,4PYZR6QCEOUUYLAJ,4700555,RZPX*ACMEENTERP4PYZR6QC,2026-03-16T05:17:00Z
bl_setl_synth_4QKE2GJR81BMQF7Z,4QKE2GJR81BMQF7Z,346505,RZPX*SUNRISEMART4QKE2GJR,2026-03-23T23:00:00Z
bl_setl_synth_4VPW232UTVG9KU8S,4VPW232UTVG9KU8S,1728799,RZPX*ACMEENTERP4VPW232U,2026-04-20T20:16:00Z
bl_setl_synth_56Q37CSUYTAUL62C,56Q37CSUYTAUL62C,5101085,RZPX*GLOBALTRADE56Q37CSU,2026-05-05T23:27:00Z
bl_setl_synth_59SQWHBEF46RF7BN,59SQWHBEF46RF7BN,99979,RZPX*GLOBALTRADE59SQWHBE,2026-03-19T08:06:00Z
bl_setl_synth_5E5IZ31YRUJOQW5D,5E5IZ31YRUJOQW5D,1120323,RZPX*NORTHSTARCO5E5IZ31Y,2026-04-13T14:11:00Z
bl_setl_synth_5JZ6KF1622VXYZX9,5JZ6KF1622VXYZX9,532630,RZPX*SUNRISEMART5JZ6KF16,2026-02-19T09:37:00Z
bl_setl_synth_60361I2HGJ11YEDW,60361I2HGJ11YEDW,4645083,RZPX*ACMEENTERP60361I2H,2026-04-27T23:26:00Z
bl_setl_synth_64QHKSWVA984UVKY,64QHKSWVA984UVKY,2511672,RZPX*APEXRETAIL64QHKSWV,2026-04-08T22:10:00Z
bl_setl_synth_65Q57TE8TVQ05PXT,65Q57TE8TVQ05PXT,243781,RZPX*SUNRISEMART65Q57TE8,2026-01-11T23:06:00Z
bl_setl_synth_68AU9DKBPVWZOPHG,68AU9DKBPVWZOPHG,1713794,RZPX*GLOBALTRADE68AU9DKB,2026-01-23T10:14:00Z
bl_setl_synth_6KVPUC8D1WJCITFO,6KVPUC8D1WJCITFO,1858284,RZPX*NORTHSTARCO6KVPUC8D,2026-04-16T18:05:00Z
bl_setl_synth_6QF5Q14J1RIPZIM6,6QF5Q14J1RIPZIM6,3634722,RZPX*ACMEENTERP6QF5Q14J,2026-03-26T17:40:00Z
bl_setl_synth_6TA7YPP5ZP7R1M26,6TA7YPP5ZP7R1M26,972298,RZPX*NORTHSTARCO6TA7YPP5,2026-01-18T16:32:00Z
bl_setl_synth_6TWD1XMXB9YO18PA,6TWD1XMXB9YO18PA,3435913,RZPX*SUNRISEMART6TWD1XMX,2026-03-17T01:38:00Z
bl_setl_synth_6ULM9KGZVK2JWUUX,6ULM9KGZVK2JWUUX,1603921,RZPX*SUNRISEMART6ULM9KGZ,2026-01-11T16:17:00Z
bl_setl_synth_6UU13I59SOJUV0GY,6UU13I59SOJUV0GY,1157563,RZPX*NORTHSTARCO6UU13I59,2026-03-12T10:19:00Z
bl_setl_synth_71448N7ODKEF828X,71448N7ODKEF828X,497564,RZPX*GLOBALTRADE71448N7O,2026-01-09T05:25:00Z
bl_setl_synth_79FLV1XXLP8II7EW,79FLV1XXLP8II7EW,2282402,RZPX*ACMEENTERP79FLV1XX,2026-01-17T10:51:00Z
bl_setl_synth_7L8V1ZOCFI4O6L1F,7L8V1ZOCFI4O6L1F,4457531,RZPX*ACMEENTERP7L8V1ZOC,2026-03-20T22:33:00Z
bl_setl_synth_7LVXWQZXEBB9EITN,7LVXWQZXEBB9EITN,1924914,RZPX*SUNRISEMART7LVXWQZX,2026-03-08T01:20:00Z
bl_setl_synth_7TCS4CC5O7UUBCXU,7TCS4CC5O7UUBCXU,477984,RZPX*SUNRISEMART7TCS4CC5,2026-01-13T20:13:00Z
bl_setl_synth_7UWW5WFCPKJCSLQC,7UWW5WFCPKJCSLQC,4627116,RZPX*SUNRISEMART7UWW5WFC,2026-04-14T20:08:00Z
bl_setl_synth_7ZEWVIYTWBOZD1AT,7ZEWVIYTWBOZD1AT,3933728,RZPX*GLOBALTRADE7ZEWVIYT,2026-02-03T07:02:00Z
bl_setl_synth_840982N2ATQYYV37,840982N2ATQYYV37,953077,RZPX*ACMEENTERP840982N2,2026-03-07T02:59:00Z
bl_setl_synth_8438TGBCVARLW3MG,8438TGBCVARLW3MG,2890265,RZPX*SUNRISEMART8438TGBC,2026-03-20T19:33:00Z
bl_setl_synth_86ZJQ7W7JP61LFC1,86ZJQ7W7JP61LFC1,1353836,RZPX*APEXRETAIL86Z,2026-04-14T22:32:00Z
bl_setl_synth_8B2ZXII6L3UEYBIS,8B2ZXII6L3UEYBIS,3146609,RZPX*ACMEENTERP8B2ZXII6,2026-05-04T05:37:00Z
bl_setl_synth_8IMOE0SY5YPUPLVQ,8IMOE0SY5YPUPLVQ,2120322,RZPX*GLOBALTRADE8IMOE0SY,2026-04-29T13:30:00Z
bl_setl_synth_8MDD4V30T9NT3W5U,8MDD4V30T9NT3W5U,3471244,RZPX*ACMEENTERP8MDD4V30,2026-02-19T09:36:00Z
bl_setl_synth_8OBK3G84UTDD2EC2,8OBK3G84UTDD2EC2,2694602,RZPX*GLOBALTRADE8OBK3G84,2026-01-25T03:14:00Z
bl_setl_synth_8WRU1XEMIX7IB5N2,8WRU1XEMIX7IB5N2,2728100,RZPX*ACMEENTERP8WRU1XEM,2026-02-18T12:25:00Z
bl_setl_synth_8Y7UIKO4BUSU9F8Q,8Y7UIKO4BUSU9F8Q,509259,RZPX*GLOBALTRADE8Y7UIKO4,2026-04-24T13:26:00Z
bl_setl_synth_98V341ONX0GU4BJ3,98V341ONX0GU4BJ3,1002711,RZPX*ACMEENTERP98V,2026-01-30T18:11:00Z
bl_setl_synth_9DDE3CUP8IJL2Z0L,9DDE3CUP8IJL2Z0L,4266923,RZPX*SUNRISEMART9DDE3CUP,2026-03-01T00:10:00Z
bl_setl_synth_9H0DXHO87F00TERK,9H0DXHO87F00TERK,3161504,RZPX*SUNRISEMART9H0DXHO8,2026-04-15T15:31:00Z
bl_setl_synth_9K8YQK94DNMKZA3O,9K8YQK94DNMKZA3O,4486750,RZPX*ACMEENTERP9K8YQK94,2026-01-27T02:43:00Z
bl_setl_synth_9M96ZPXVPBL9OT7T,9M96ZPXVPBL9OT7T,1327674,RZPX*SUNRISEMART9M96ZPXV,2026-04-10T03:02:00Z
bl_setl_synth_9SVN7N1YBWMLUNJ4,9SVN7N1YBWMLUNJ4,1423131,RZPX*NORTHSTARCO9SVN7N1Y,2026-01-12T08:42:00Z
bl_setl_synth_9WFTBGM55FF1BL08,9WFTBGM55FF1BL08,708479,RZPX*SUNRISEMART9WFTBGM5,2026-03-15T13:32:00Z
bl_setl_synth_9ZQYAHULWJTIQWNR,9ZQYAHULWJTIQWNR,2854281,RZPX*GLOBALTRADE9ZQYAHUL,2026-02-26T23:40:00Z
bl_setl_synth_AIH0P4E05QMKTGV4,AIH0P4E05QMKTGV4,2995197,RZPX*GLOBALTRADEAIH0P4E0,2026-04-20T10:53:00Z
bl_setl_synth_AS1SSRKXLCD81TWH,AS1SSRKXLCD81TWH,3170333,RZPX*GLOBALTRADEAS1SSRKX,2026-02-08T18:36:00Z
bl_setl_synth_BBMHNQO7YIRQ8RTM,BBMHNQO7YIRQ8RTM,1432783,RZPX*SUNRISEMARTBBMHNQO7,2026-01-31T06:59:00Z
bl_setl_synth_BBUNKNQT3WVEDN9U,BBUNKNQT3WVEDN9U,2175965,RZPX*SUNRISEMARTBBUNKNQT,2026-04-10T12:41:00Z
bl_setl_synth_BGCJ1GNFIUE2WNF5,BGCJ1GNFIUE2WNF5,263620,RZPX*ACMEENTERPBGCJ1GNF,2026-01-22T23:39:00Z
bl_setl_synth_BNQBNXZU1EMTX015,BNQBNXZU1EMTX015,4706248,RZPX*ACMEENTERP7F3A21,2026-03-06T00:00:00Z
bl_setl_synth_C1MSY4LA5JU9BVM2,C1MSY4LA5JU9BVM2,1591620,RZPX*APEXRETAILC1MSY4LA,2026-02-27T11:40:00Z
bl_setl_synth_C5TAO1CJFX5LIKWE,C5TAO1CJFX5LIKWE,1734478,RZPX*GLOBALTRADEC5TAO1CJ,2026-01-28T13:37:00Z
bl_setl_synth_CFZW0LDALMJEGQTO,CFZW0LDALMJEGQTO,2429110,RZPX*ACMEENTERPCFZW0LDA,2026-04-19T08:27:00Z
bl_setl_synth_CIXDU1EMMX3Y9RGE,CIXDU1EMMX3Y9RGE,2087321,RZPX*APEXRETAILCIXDU1EM,2026-04-12T00:59:00Z
bl_setl_synth_CJ4T0SEKKBP2QD6V,CJ4T0SEKKBP2QD6V,3852073,RZPX*ACMEENTERPCJ4T0SEK,2026-03-05T21:29:00Z
bl_setl_synth_CJIWVHDK8LW2LM34,CJIWVHDK8LW2LM34,2270066,RZPX*NORTHSTARCOCJIWVHDK,2026-03-01T10:39:00Z
bl_setl_synth_CN9J2QP89UZFK8UT,CN9J2QP89UZFK8UT,3987474,RZPX*SUNRISEMARTCN9J2QP8,2026-03-09T07:46:00Z
bl_setl_synth_CQNT3BNVBC2VYHH6,CQNT3BNVBC2VYHH6,1998929,RZPX*SUNRISEMARTCQNT3BNV,2026-02-08T07:17:00Z
bl_setl_synth_CW76XATOAZTKSZP7,CW76XATOAZTKSZP7,84638,RZPX*GLOBALTRADECW76XATO,2026-02-03T17:27:00Z
bl_setl_synth_D4Y89ORVSCYOZPNA,D4Y89ORVSCYOZPNA,367128,RZPX*SUNRISEMARTD4Y89ORV,2026-02-04T09:30:00Z
bl_setl_synth_DD9FKXZUU80MB1L6,DD9FKXZUU80MB1L6,2346515,RZPX*ACMEENTERPDD9FKXZU,2026-04-26T01:25:00Z
bl_setl_synth_DJOYOHAZ7T0UUM3I,DJOYOHAZ7T0UUM3I,2956263,RZPX*GLOBALTRADEDJOYOHAZ,2026-02-06T22:27:00Z
bl_setl_synth_DNAI89Y1FFUU5F07,DNAI89Y1FFUU5F07,2393231,RZPX*ACMEENTERPDNAI89Y1,2026-01-24T16:08:00Z
bl_setl_synth_DNBCJ29YFC2HTMQW,DNBCJ29YFC2HTMQW,4382768,RZPX*NORTHSTARCODNBCJ29Y,2026-02-12T14:42:00Z
bl_setl_synth_DTTJ72UGL6TBB6BN,DTTJ72UGL6TBB6BN,244139,RZPX*ACMEENTERPDTTJ72UG,2026-01-08T21:32:00Z
bl_setl_synth_E3P15AHDBVZB0OIH,E3P15AHDBVZB0OIH,1280307,RZPX*ACMEENTERPE3P15AHD,2026-02-11T06:51:00Z
bl_setl_synth_E429OMUWAHK2LSLA,E429OMUWAHK2LSLA,4080644,RZPX*SUNRISEMARTE429OMUW,2026-03-20T17:20:00Z
bl_setl_synth_EA7187F8TSXK6819,EA7187F8TSXK6819,327197,RZPX*GLOBALTRADEEA7187F8,2026-03-17T05:42:00Z
bl_setl_synth_ECGZ9389YZTKKFZZ,ECGZ9389YZTKKFZZ,2348820,RZPX*GLOBALTRADEECGZ9389,2026-04-05T16:49:00Z
bl_setl_synth_ECW9YIL8SA3IDY3C,ECW9YIL8SA3IDY3C,3783358,RZPX*GLOBALTRADEECW9YIL8,2026-05-01T20:17:00Z
bl_setl_synth_EN93IIUC039TEX8F,EN93IIUC039TEX8F,14448,RZPX*NORTHSTARCOEN93IIUC,2026-03-24T11:04:00Z
bl_setl_synth_ENVG3KK0VM59M6MG,ENVG3KK0VM59M6MG,2047783,RZPX*APEXRETAILENVG3KK0,2026-02-04T23:50:00Z
bl_setl_synth_EOQGVZHQJY62ZEEQ,EOQGVZHQJY62ZEEQ,936711,RZPX*SUNRISEMARTEOQGVZHQ,2026-01-30T20:16:00Z
bl_setl_synth_EZZF8S2ZGE2J51B3,EZZF8S2ZGE2J51B3,2543047,RZPX*SUNRISEMARTEZZF8S2Z,2026-04-02T22:33:00Z
bl_setl_synth_FD0TVBDIVUZZPQK5,FD0TVBDIVUZZPQK5,921636,RZPX*GLOBALTRADEFD0TVBDI,2026-01-10T09:31:00Z
bl_setl_synth_FGSXW71Q3VLI7KQ1,FGSXW71Q3VLI7KQ1,3560596,RZPX*NORTHSTARCOFGSXW71Q,2026-02-22T22:04:00Z
bl_setl_synth_FH024KWK585X8A5F,FH024KWK585X8A5F,3245993,RZPX*ACMEENTERPFH024KWK,2026-04-22T22:49:00Z
bl_setl_synth_FHOLQC3O18A5UR7K,FHOLQC3O18A5UR7K,1143135,RZPX*APEXRETAILFHOLQC3O,2026-01-26T08:16:00Z
bl_setl_synth_FM8ZOV7LN23Y30YS,FM8ZOV7LN23Y30YS,1241417,RZPX*APEXRETAILFM8ZOV7L,2026-02-18T03:08:00Z
bl_setl_synth_FODRO8BNP84DYT9M,FODRO8BNP84DYT9M,4434285,RZPX*APEXRETAILFODRO8BN,2026-03-01T20:26:00Z
bl_setl_synth_FU84XYJOA21A6XVA,FU84XYJOA21A6XVA,750131,RZPX*SUNRISEMARTFU84XYJO,2026-02-12T00:58:00Z
bl_setl_synth_FUU8DD22555JXURG,FUU8DD22555JXURG,4822386,RZPX*APEXRETAILFUU8DD22,2026-03-14T14:33:00Z
bl_setl_synth_G5NQJQIJC1YDMT8V,G5NQJQIJC1YDMT8V,2180319,RZPX*NORTHSTARCOG5NQJQIJ,2026-01-18T22:07:00Z
bl_setl_synth_G8VUAZXKDQ95G3V2,G8VUAZXKDQ95G3V2,1212682,RZPX*GLOBALTRADEG8VUAZXK,2026-01-14T06:10:00Z
bl_setl_synth_GGZ62FE9UPNHZX9F,GGZ62FE9UPNHZX9F,346505,RZPX*SUNRISEMART4QKE2GJ0,2026-03-23T23:00:00Z
bl_setl_synth_GH8RIEC4D145BM1E,GH8RIEC4D145BM1E,4174608,RZPX*APEXRETAILGH8RIEC4,2026-02-22T00:47:00Z
bl_setl_synth_GM0J36TCFKJNAWNG,GM0J36TCFKJNAWNG,4455101,RZPX*ACMEENTERPGM0J36TC,2026-04-06T17:02:00Z
bl_setl_synth_GM5V2WWG84D4R9V4,GM5V2WWG84D4R9V4,167517,RZPX*SUNRISEMARTGM5V2WWG,2026-01-21T16:07:00Z
bl_setl_synth_GOX22INIWC5AMLN4,GOX22INIWC5AMLN4,2480465,RZPX*APEXRETAILGOX22INI,2026-02-02T17:57:00Z
bl_setl_synth_GSQ7AITMOFMMWI9S,GSQ7AITMOFMMWI9S,2593549,RZPX*ACMEENTERPGSQ7AITM,2026-03-10T20:25:00Z
bl_setl_synth_GTFGQ5C34DXTAD1I,GTFGQ5C34DXTAD1I,3307488,RZPX*APEXRETAILGTFGQ5C3,2026-04-10T11:42:00Z
bl_setl_synth_GV0EC14M2JA04UX5,GV0EC14M2JA04UX5,2006076,RZPX*APEXRETAILGV0EC14M,2026-03-06T19:01:00Z
bl_setl_synth_H17J8QO09VS9KKH4,H17J8QO09VS9KKH4,2659032,RZPX*ACMEENTERPH17J8QO0,2026-03-25T08:30:00Z
bl_setl_synth_H8LX6DUT076G5G79,H8LX6DUT076G5G79,3342595,RZPX*APEXRETAILH8LX6DUT,2026-03-31T16:35:00Z
bl_setl_synth_HASEZ2NX1WVBD4BE,HASEZ2NX1WVBD4BE,166406,RZPX*APEXRETAILHASEZ2NX,2026-02-05T07:44:00Z
bl_setl_synth_HB7S9TJ1GM25LEN6,HB7S9TJ1GM25LEN6,312684,RZPX*APEXRETAILHB7S9TJ1,2026-02-13T07:18:00Z
bl_setl_synth_HHCU9TD0V2ZP4JUW,HHCU9TD0V2ZP4JUW,3108311,RZPX*GLOBALTRADEHHCU9TD0,2026-03-02T18:57:00Z
bl_setl_synth_HHPBMYOFQEWAOUAX,HHPBMYOFQEWAOUAX,3441815,RZPX*GLOBALTRADEHHPBMYOF,2026-03-16T19:07:00Z
bl_setl_synth_HL88KZRUIN3OEUVT,HL88KZRUIN3OEUVT,1124709,RZPX*NORTHSTARCOHL88KZRU,2026-02-14T11:19:00Z
bl_setl_synth_HL9XPSEIMVIHCWI6,HL9XPSEIMVIHCWI6,3475533,RZPX*SUNRISEMARTHL9XPSEI,2026-02-03T18:47:00Z
bl_setl_synth_HOMTZZF8ADF7PCHC,HOMTZZF8ADF7PCHC,1891737,RZPX*ACMEENTERPHOMTZZF8,2026-03-05T23:56:00Z
bl_setl_synth_HQR6F7QNEZW9HEYC,HQR6F7QNEZW9HEYC,4706248,RZPX*ACMEENTERP7F3A2C,2026-03-06T00:00:00Z
bl_setl_synth_HWKMY9X8SYLEMRUY,HWKMY9X8SYLEMRUY,2580893,RZPX*APEXRETAILHWKMY9X8,2026-04-08T19:00:00Z
bl_setl_synth_I22KX7N89LTAJW25,I22KX7N89LTAJW25,1846983,RZPX*GLOBALTRADEI22KX7N8,2026-04-12T22:18:00Z
bl_setl_synth_ID3DNKN35XYCUVFM,ID3DNKN35XYCUVFM,3468783,RZPX*GLOBALTRADEID3DNKN3,2026-04-05T04:33:00Z
bl_setl_synth_ILU6VFUA9BQ1BTR2,ILU6VFUA9BQ1BTR2,105065,RZPX*ACMEENTERPILU6VFUA,2026-04-10T15:04:00Z
bl_setl_synth_IOB0NLW0VS52SQ3B,IOB0NLW0VS52SQ3B,4022707,RZPX*GLOBALTRADEIOB0NLW0,2026-04-05T11:34:00Z
bl_setl_synth_IOYGGVNYRUIWQY6Q,IOYGGVNYRUIWQY6Q,2412633,RZPX*SUNRISEMARTIOYGGVNY,2026-02-21T12:52:00Z
bl_setl_synth_IOYKL1CQ99CHJ755,IOYKL1CQ99CHJ755,2145601,RZPX*SUNRISEMARTIOYKL1CQ,2026-02-02T23:02:00Z
bl_setl_synth_IPA2VOI8UYYF1IRY,IPA2VOI8UYYF1IRY,436393,RZPX*SUNRISEMARTIPA2VOI8,2026-04-27T22:49:00Z
bl_setl_synth_IRE8QJNV8Z2FLU7U,IRE8QJNV8Z2FLU7U,2035171,RZPX*APEXRETAILIRE8QJNV,2026-02-01T00:46:00Z
bl_setl_synth_IWJM2C8QIZK3C9XB,IWJM2C8QIZK3C9XB,886296,RZPX*APEXRETAILIWJM2C8Q,2026-05-04T03:22:00Z
bl_setl_synth_J37C9H42M44GV3Z6,J37C9H42M44GV3Z6,1317191,RZPX*ACMEENTERPJ37C9H42,2026-01-19T08:35:00Z
bl_setl_synth_J4BDFHJ4D0JMU3MO,J4BDFHJ4D0JMU3MO,4244380,RZPX*SUNRISEMARTJ4BDFHJ4,2026-03-16T10:56:00Z
bl_setl_synth_J98CWN2Y8FV2BC2N,J98CWN2Y8FV2BC2N,3672040,RZPX*APEXRETAILJ98CWN2Y,2026-01-12T12:16:00Z
bl_setl_synth_JB354MYPE46AEXL6,JB354MYPE46AEXL6,2105682,RZPX*NORTHSTARCOJB354MYP,2026-03-30T08:03:00Z
bl_setl_synth_JGXAA2ILGB0S0R2S,JGXAA2ILGB0S0R2S,2280821,RZPX*ACMEENTERPJGXAA2IL,2026-04-26T05:14:00Z
bl_setl_synth_JIYS2N75BXD8WJ0U,JIYS2N75BXD8WJ0U,1802031,RZPX*NORTHSTARCOJIYS2N75,2026-04-14T16:41:00Z
bl_setl_synth_JODCK82853UY8U11,JODCK82853UY8U11,3734530,RZPX*APEXRETAILJODCK828,2026-05-06T13:48:00Z
bl_setl_synth_JZA7TZ0YNCXLL4ZK,JZA7TZ0YNCXLL4ZK,4198643,RZPX*SUNRISEMARTJZA7TZ0Y,2026-01-21T13:15:00Z
bl_setl_synth_K03W0FGEA9WVWVIA,K03W0FGEA9WVWVIA,251252,RZPX*ACMEENTERPK03W0FGE,2026-04-14T11:06:00Z
bl_setl_synth_K0UCC1M3O55IXVA1,K0UCC1M3O55IXVA1,4729474,RZPX*APEXRETAILK0UCC1M3,2026-04-21T03:36:00Z
bl_setl_synth_K93TYT7D5J60FKHM,K93TYT7D5J60FKHM,2343992,RZPX*SUNRISEMARTK93TYT7D,2026-01-27T15:20:00Z
bl_setl_synth_KAMUGYSM8T2SA5BN,KAMUGYSM8T2SA5BN,4231018,RZPX*SUNRISEMARTKAMUGYSM,2026-03-21T08:20:00Z
bl_setl_synth_KB4EHOU6QLZ2RWGW,KB4EHOU6QLZ2RWGW,991132,RZPX*ACMEENTERPKB4EHOU6,2026-04-28T23:31:00Z
bl_setl_synth_KFAZZ81SDW4SHNF8,KFAZZ81SDW4SHNF8,2195231,RZPX*NORTHSTARCOKFAZZ81S,2026-04-15T21:56:00Z
bl_setl_synth_KQVIIFRCHYP9UMYG,KQVIIFRCHYP9UMYG,664761,RZPX*ACMEENTERPKQVIIFRC,2026-03-19T22:36:00Z
bl_setl_synth_KV7MQXS6ESJ3L0XZ,KV7MQXS6ESJ3L0XZ,4067273,RZPX*ACMEENTERPKV7MQXS6,2026-01-30T09:53:00Z
bl_setl_synth_KWWJWGABTGDJZ0IF,KWWJWGABTGDJZ0IF,1549609,RZPX*APEXRETAILKWWJWGAB,2026-04-26T02:25:00Z
bl_setl_synth_KXWD8IL3FB9W1Q5U,KXWD8IL3FB9W1Q5U,3885460,RZPX*APEXRETAILKXWD8IL3,2026-04-18T05:50:00Z
bl_setl_synth_L7253J2D54I3QK2I,L7253J2D54I3QK2I,3386717,RZPX*ACMEENTERPL7253J2D,2026-01-10T06:37:00Z
bl_setl_synth_L8OS9XTOGN1W1HT7,L8OS9XTOGN1W1HT7,310336,RZPX*APEXRETAILL8OS9XTO,2026-03-06T03:09:00Z
bl_setl_synth_LA100QXMCTHPHJ3M,LA100QXMCTHPHJ3M,2288609,RZPX*NORTHSTARCOLA100QXM,2026-04-05T12:51:00Z
bl_setl_synth_LD4D6AF58C2JWOCL,LD4D6AF58C2JWOCL,4066821,RZPX*NORTHSTARCOLD4D6AF5,2026-01-11T04:37:00Z
bl_setl_synth_LG6MM1ZXYVGIUI9K,LG6MM1ZXYVGIUI9K,2672127,RZPX*SUNRISEMARTLG6MM1ZX,2026-04-01T16:32:00Z
bl_setl_synth_LKSTN3CPUDRL90AO,LKSTN3CPUDRL90AO,622958,RZPX*ACMEENTERPLKSTN3CP,2026-04-13T16:54:00Z
bl_setl_synth_LMA5UOFWB0HPMNZ1,LMA5UOFWB0HPMNZ1,246908,RZPX*NORTHSTARCOLMA5UOFW,2026-01-30T09:44:00Z
bl_setl_synth_LNOEMQGY27VYLIEN,LNOEMQGY27VYLIEN,2158604,RZPX*GLOBALTRADELNOEMQGY,2026-04-02T17:03:00Z
bl_setl_synth_LOEAZC0B4MSKYVK7,LOEAZC0B4MSKYVK7,3187998,RZPX*APEXRETAILLOEAZC0B,2026-03-05T21:44:00Z
bl_setl_synth_LOFAS1EKTYR1K12V,LOFAS1EKTYR1K12V,3954798,RZPX*ACMEENTERPLOFAS1EK,2026-03-17T08:00:00Z
bl_setl_synth_LQM5K8P4Q0B8IC8B,LQM5K8P4Q0B8IC8B,3791368,RZPX*ACMEENTERPLQM5K8P4,2026-01-30T01:55:00Z
bl_setl_synth_LRMJKV5USGIOTIRZ,LRMJKV5USGIOTIRZ,3113927,RZPX*APEXRETAILLRMJKV5U,2026-02-19T01:26:00Z
bl_setl_synth_LXZVO5270SQG4EIJ,LXZVO5270SQG4EIJ,594116,RZPX*ACMEENTERPLXZVO527,2026-01-17T05:39:00Z
bl_setl_synth_M38KSZBFFZZDVG7O,M38KSZBFFZZDVG7O,807835,RZPX*APEXRETAILM38KSZBF,2026-04-14T22:30:00Z
bl_setl_synth_M72JEYN9382KKZMP,M72JEYN9382KKZMP,1707501,RZPX*SUNRISEMARTM72JEYN9,2026-04-05T16:57:00Z
bl_setl_synth_M95D0P92K38P6FVD,M95D0P92K38P6FVD,367128,RZPX*SUNRISEMARTD4Y89OR0,2026-02-04T09:30:00Z
bl_setl_synth_MABSI9NB74X2EK3Z,MABSI9NB74X2EK3Z,3592942,RZPX*GLOBALTRADEMABSI9NB,2026-01-18T08:03:00Z
bl_setl_synth_MC97C7BO119XP9N5,MC97C7BO119XP9N5,1794514,RZPX*APEXRETAILMC97C7BO,2026-03-22T02:43:00Z
bl_setl_synth_MDM0L2LJK4Q5V7C6,MDM0L2LJK4Q5V7C6,4588589,RZPX*NORTHSTARCOMDM0L2LJ,2026-04-14T06:43:00Z
bl_setl_synth_MEOQ4YRP5GE094D6,MEOQ4YRP5GE094D6,2207388,RZPX*APEXRETAILMEOQ4YRP,2026-04-29T03:37:00Z
bl_setl_synth_MFTG698S4C3BAEWC,MFTG698S4C3BAEWC,4028055,RZPX*GLOBALTRADEMFTG698S,2026-03-06T06:10:00Z
bl_setl_synth_MO1SDIEQFB85P863,MO1SDIEQFB85P863,2570013,RZPX*NORTHSTARCOMO1SDIEQ,2026-04-27T11:21:00Z
bl_setl_synth_MOFT6YRIADDUR82C,MOFT6YRIADDUR82C,1645839,RZPX*ACMEENTERPMOFT6YRI,2026-04-16T09:05:00Z
bl_setl_synth_MQVINDH4SPFDRWB2,MQVINDH4SPFDRWB2,4193581,RZPX*NORTHSTARCOMQVINDH4,2026-02-09T06:05:00Z
bl_setl_synth_MX1GM32WP7IYF0D0,MX1GM32WP7IYF0D0,3478832,RZPX*GLOBALTRADEMX1GM32W,2026-02-22T12:04:00Z
bl_setl_synth_N6FOKZIXZAREIYAZ,N6FOKZIXZAREIYAZ,774277,RZPX*ACMEENTERPN6FOKZIX,2026-03-31T12:21:00Z
bl_setl_synth_N78BMYYMU5907IF2,N78BMYYMU5907IF2,1222746,RZPX*GLOBALTRADEN78BMYYM,2026-03-03T04:31:00Z
bl_setl_synth_NE6LOH25NSJF678K,NE6LOH25NSJF678K,2540121,RZPX*SUNRISEMARTNE6LOH25,2026-04-17T15:21:00Z
bl_setl_synth_NG7L4LRCER4KMUSO,NG7L4LRCER4KMUSO,298545,RZPX*ACMEENTERPNG7L4LRC,2026-04-27T21:33:00Z
bl_setl_synth_NMBY49E7EOBJLZY1,NMBY49E7EOBJLZY1,4669772,RZPX*NORTHSTARCONMBY49E7,2026-04-03T15:17:00Z
bl_setl_synth_NPM6JQFWWXR5RDNP,NPM6JQFWWXR5RDNP,3557590,RZPX*NORTHSTARCONPM6JQFW,2026-04-22T13:29:00Z
bl_setl_synth_NSZOKGTII4FQCOOT,NSZOKGTII4FQCOOT,4069214,RZPX*APEXRETAILNSZOKGTI,2026-01-13T12:07:00Z
bl_setl_synth_O5MN32U1IQ2BAJDM,O5MN32U1IQ2BAJDM,3599065,RZPX*APEXRETAILO5MN32U1,2026-04-10T14:48:00Z
bl_setl_synth_O74V1QX8ERTB74RS,O74V1QX8ERTB74RS,1570725,RZPX*GLOBALTRADEO74V1QX8,2026-04-08T11:57:00Z
bl_setl_synth_OO5YBRJNM2L44Y9I,OO5YBRJNM2L44Y9I,1188009,RZPX*SUNRISEMARTOO5YBRJN,2026-03-27T21:09:00Z
bl_setl_synth_OQU9Y3Z2T4H20RAP,OQU9Y3Z2T4H20RAP,3442402,RZPX*GLOBALTRADEOQU9Y3Z2,2026-04-06T13:10:00Z
bl_setl_synth_OUHFJ7UPFLN4RXYJ,OUHFJ7UPFLN4RXYJ,2632678,RZPX*APEXRETAILOUHFJ7UP,2026-05-04T07:07:00Z
bl_setl_synth_OY7RP0AGA24SMUX2,OY7RP0AGA24SMUX2,329014,RZPX*SUNRISEMART37C6QC60,2026-03-27T12:56:00Z
bl_setl_synth_P4M18O1BJ9RM7PYX,P4M18O1BJ9RM7PYX,4111576,RZPX*ACMEENTERPP4M18O1B,2026-04-12T11:52:00Z
bl_setl_synth_P9P9W4J66CNOLJQ5,P9P9W4J66CNOLJQ5,1745279,RZPX*NORTHSTARCOP9P9W4J6,2026-04-20T06:36:00Z
bl_setl_synth_PGB7R3OCWBFUK9E1,PGB7R3OCWBFUK9E1,110225,RZPX*NORTHSTARCOPGB7R3OC,2026-03-21T09:58:00Z
bl_setl_synth_PH6FE0MP2IXIVZK7,PH6FE0MP2IXIVZK7,1249615,RZPX*ACMEENTERPPH6FE0MP,2026-05-04T14:25:00Z
bl_setl_synth_PK5EAXF5X9EE346Z,PK5EAXF5X9EE346Z,395188,RZPX*APEXRETAILPK5EAXF5,2026-03-21T13:34:00Z
bl_setl_synth_PKY32ORWIXZ2C9RO,PKY32ORWIXZ2C9RO,230223,RZPX*NORTHSTARCOPKY32ORW,2026-04-10T15:52:00Z
bl_setl_synth_PXGH30153SFLSE45,PXGH30153SFLSE45,3639121,RZPX*ACMEENTERPPXGH3015,2026-04-16T11:21:00Z
bl_setl_synth_PZLK3E4XYF9IGFU8,PZLK3E4XYF9IGFU8,4278026,RZPX*GLOBALTRADEPZLK3E4X,2026-03-09T11:57:00Z
bl_setl_synth_Q5RDOQIVBKV4YKAD,Q5RDOQIVBKV4YKAD,2571097,RZPX*GLOBALTRADEQ5RDOQIV,2026-01-31T05:43:00Z
bl_setl_synth_Q9CVAH78OKZ1POXT,Q9CVAH78OKZ1POXT,3002724,RZPX*GLOBALTRADEQ9CVAH78,2026-03-17T23:43:00Z
bl_setl_synth_QKOJTPV60VAIY4VA,QKOJTPV60VAIY4VA,4671932,RZPX*SUNRISEMARTQKOJTPV6,2026-05-04T09:55:00Z
bl_setl_synth_QNPCENLK8AGS6E1Z,QNPCENLK8AGS6E1Z,4655858,RZPX*GLOBALTRADEQNPCENLK,2026-01-11T21:01:00Z
bl_setl_synth_R7S20CV3TLCXLVPY,R7S20CV3TLCXLVPY,3176631,RZPX*SUNRISEMARTR7S20CV3,2026-02-19T06:45:00Z
bl_setl_synth_R87IYOJTPK2NLT8D,R87IYOJTPK2NLT8D,352952,RZPX*NORTHSTARCOR8,2026-03-07T13:46:00Z
bl_setl_synth_REC2JWJJ0V60XNG2,REC2JWJJ0V60XNG2,1666106,RZPX*GLOBALTRADEREC2JWJJ,2026-04-13T21:28:00Z
bl_setl_synth_RR3VRHXQPVA5KW3H,RR3VRHXQPVA5KW3H,1309523,RZPX*GLOBALTRADERR3VRHXQ,2026-03-27T08:53:00Z
bl_setl_synth_RT05UIRODXMO5BXX,RT05UIRODXMO5BXX,590130,RZPX*ACMEENTERPRT05UIRO,2026-03-13T08:29:00Z
bl_setl_synth_RWR965R96KHUB2RT,RWR965R96KHUB2RT,64016,RZPX*NORTHSTARCORWR965R9,2026-04-14T18:56:00Z
bl_setl_synth_S1EEURXHW0IC1L7D,S1EEURXHW0IC1L7D,4499480,RZPX*APEXRETAILS1EEURXH,2026-02-27T09:10:00Z
bl_setl_synth_S26FMR5LL1D9S9HB,S26FMR5LL1D9S9HB,1617061,RZPX*APEXRETAILS26FMR5L,2026-01-11T07:08:00Z
bl_setl_synth_S41KSSVIWXYYTUW6,S41KSSVIWXYYTUW6,1423666,RZPX*NORTHSTARCOS41KSSVI,2026-01-19T05:14:00Z
bl_setl_synth_S832EJX5TD44K1J6,S832EJX5TD44K1J6,3618536,RZPX*GLOBALTRADES832EJX5,2026-03-07T09:54:00Z
bl_setl_synth_SBELRQVSLWF90KM3,SBELRQVSLWF90KM3,1191405,RZPX*NORTHSTARCOSBELRQVS,2026-02-01T20:46:00Z
bl_setl_synth_SDBDW2PCN9T84AZY,SDBDW2PCN9T84AZY,4789269,RZPX*NORTHSTARCOSDBDW2PC,2026-02-27T12:26:00Z
bl_setl_synth_SQT26Q3XLRFCD6MZ,SQT26Q3XLRFCD6MZ,638240,RZPX*NORTHSTARCOSQT26Q3X,2026-03-30T03:24:00Z
bl_setl_synth_SYM0JBWCV6HVE8DV,SYM0JBWCV6HVE8DV,1712780,RZPX*APEXRETAILSYM,2026-01-15T00:28:00Z
bl_setl_synth_SZDXIMYN4U9BXF44,SZDXIMYN4U9BXF44,4637574,RZPX*GLOBALTRADESZDXIMYN,2026-02-04T23:08:00Z
bl_setl_synth_SZV83XPHX2KBVSIG,SZV83XPHX2KBVSIG,3157639,RZPX*ACMEENTERPSZV83XPH,2026-05-06T14:01:00Z
bl_setl_synth_T9KLS1QCWQ85X7PW,T9KLS1QCWQ85X7PW,1639357,RZPX*APEXRETAILT9KLS1QC,2026-03-21T20:00:00Z
bl_setl_synth_TDH00H64FGWJEYUB,TDH00H64FGWJEYUB,50961,RZPX*NORTHSTARCOTDH00H64,2026-03-21T20:39:00Z
bl_setl_synth_TFSHB0OQVSHKOECU,TFSHB0OQVSHKOECU,453106,RZPX*ACMEENTERPTFSHB0OQ,2026-02-15T18:04:00Z
bl_setl_synth_TGXN0GUO4KH2VLPY,TGXN0GUO4KH2VLPY,3354762,RZPX*NORTHSTARCOTGXN0GUO,2026-02-17T13:54:00Z
bl_setl_synth_TOUHYLU6K7P9MDA9,TOUHYLU6K7P9MDA9,1531721,RZPX*APEXRETAILTOUHYLU6,2026-01-25T22:48:00Z
bl_setl_synth_TQMGVU4ISOTN9UZE,TQMGVU4ISOTN9UZE,1285964,RZPX*APEXRETAILTQMGVU4I,2026-02-02T15:44:00Z
bl_setl_synth_TQVDZ4X1ZHQIMQOD,TQVDZ4X1ZHQIMQOD,4804273,RZPX*APEXRETAILTQVDZ4X1,2026-03-18T11:25:00Z
bl_setl_synth_TXMGTT0IAAKYTT3I,TXMGTT0IAAKYTT3I,3086540,RZPX*SUNRISEMARTTXMGTT0I,2026-01-17T23:46:00Z
bl_setl_synth_U4FMPKXVHAGKC4LO,U4FMPKXVHAGKC4LO,2445664,RZPX*APEXRETAILU4FMPKXV,2026-02-06T03:29:00Z
bl_setl_synth_U4XSZJNVC7HR6C2C,U4XSZJNVC7HR6C2C,886613,RZPX*NORTHSTARCOU4XSZJNV,2026-03-10T06:34:00Z
bl_setl_synth_U93MZYWR7MKGXUKQ,U93MZYWR7MKGXUKQ,3438083,RZPX*SUNRISEMARTU93MZYWR,2026-02-27T13:17:00Z
bl_setl_synth_UG07G0IIJI44M2EC,UG07G0IIJI44M2EC,3913055,RZPX*APEXRETAILUG07G0II,2026-02-16T12:33:00Z
bl_setl_synth_UHXID4N1U3493WXA,UHXID4N1U3493WXA,2365632,RZPX*SUNRISEMARTUHXID4N1,2026-03-24T10:43:00Z
bl_setl_synth_UOF0ONJPI163YK03,UOF0ONJPI163YK03,4499970,RZPX*APEXRETAILUOF0ONJP,2026-02-23T06:55:00Z
bl_setl_synth_UPRT77GGKG4W58RH,UPRT77GGKG4W58RH,4193745,RZPX*APEXRETAILUPRT77GG,2026-02-25T14:21:00Z
bl_setl_synth_USWBKOK3QPWBSF3Q,USWBKOK3QPWBSF3Q,4258269,RZPX*NORTHSTARCOUSWBKOK3,2026-03-16T13:32:00Z
bl_setl_synth_UUDQFJ6IJKUUHCLR,UUDQFJ6IJKUUHCLR,2270028,RZPX*APEXRETAILUUDQFJ6I,2026-05-04T19:11:00Z
bl_setl_synth_UW9OHTUGUR9U1OE5,UW9OHTUGUR9U1OE5,4804318,RZPX*ACMEENTERPUW9OHTUG,2026-02-08T09:09:00Z
bl_setl_synth_UWB6TXKI3OQYFOQM,UWB6TXKI3OQYFOQM,4733887,RZPX*GLOBALTRADEUWB6TXKI,2026-02-09T22:38:00Z
bl_setl_synth_V18KGYGGSNPUEVJL,V18KGYGGSNPUEVJL,3021798,RZPX*GLOBALTRADEV18KGYGG,2026-04-13T20:29:00Z
bl_setl_synth_V1V93KMKZEBBK7W1,V1V93KMKZEBBK7W1,1578607,RZPX*ACMEENTERPV1V93KMK,2026-02-03T16:55:00Z
bl_setl_synth_V3XOLEYRVXOIEVES,V3XOLEYRVXOIEVES,1742223,RZPX*NORTHSTARCOV3XOLEYR,2026-01-26T06:34:00Z
bl_setl_synth_V6CJ9IO3M25A5PIS,V6CJ9IO3M25A5PIS,1433704,RZPX*SUNRISEMARTV6CJ9IO3,2026-02-24T22:30:00Z
bl_setl_synth_VLNKND669UGNEKRC,VLNKND669UGNEKRC,743799,RZPX*APEXRETAILVLNKND66,2026-02-21T19:15:00Z
bl_setl_synth_VQT3G8CD31NRXD35,VQT3G8CD31NRXD35,1496113,RZPX*ACMEENTERPVQT3G8CD,2026-05-06T19:39:00Z
bl_setl_synth_VWKSHY8NBIQUWRXZ,VWKSHY8NBIQUWRXZ,4573021,RZPX*ACMEENTERPVWKSHY8N,2026-03-18T00:26:00Z
bl_setl_synth_W064W3U1HBJ6TXFO,W064W3U1HBJ6TXFO,4421388,RZPX*NORTHSTARCOW064W3U1,2026-02-01T09:28:00Z
bl_setl_synth_W3BME9FPZUE8YFBN,W3BME9FPZUE8YFBN,4149385,RZPX*NORTHSTARCOW3BME9FP,2026-03-10T08:37:00Z
bl_setl_synth_W4UOV51ZLBORIQ8H,W4UOV51ZLBORIQ8H,584051,RZPX*SUNRISEMARTW4UOV51Z,2026-04-24T01:16:00Z
bl_setl_synth_W6ZBNZ8V12II826G,W6ZBNZ8V12II826G,1273192,RZPX*NORTHSTARCOW6ZBNZ8V,2026-01-27T06:35:00Z
bl_setl_synth_WRSB4GF16YE0A4AB,WRSB4GF16YE0A4AB,4300463,RZPX*SUNRISEMARTWRSB4GF1,2026-01-15T09:17:00Z
bl_setl_synth_WTEKTSG7FXZV4U3B,WTEKTSG7FXZV4U3B,2336300,RZPX*ACMEENTERPWTEKTSG7,2026-04-25T02:48:00Z
bl_setl_synth_WTG1M8XFDJGF1C8W,WTG1M8XFDJGF1C8W,1824580,RZPX*APEXRETAILWTG1M8XF,2026-02-18T06:01:00Z
bl_setl_synth_WXUJ3AC6PE63LBQG,WXUJ3AC6PE63LBQG,1080405,RZPX*NORTHSTARCOWXUJ3AC6,2026-02-01T14:02:00Z
bl_setl_synth_WYAM1N0LH9P89FKB,WYAM1N0LH9P89FKB,3368220,RZPX*GLOBALTRADEWYAM1N0L,2026-01-10T08:09:00Z
bl_setl_synth_WZC4XL9967I6YUJ7,WZC4XL9967I6YUJ7,3116178,RZPX*SUNRISEMARTWZC4XL99,2026-02-24T18:53:00Z
bl_setl_synth_X3N0KGAZU41UGL3W,X3N0KGAZU41UGL3W,4612716,RZPX*NORTHSTARCOX3N0KGAZ,2026-04-05T21:04:00Z
bl_setl_synth_X6GVWRDMLY4LYK83,X6GVWRDMLY4LYK83,4729594,RZPX*NORTHSTARCOX6GVWRDM,2026-01-12T06:15:00Z
bl_setl_synth_XJJ2JVQYIY1SY9LA,XJJ2JVQYIY1SY9LA,1314991,RZPX*ACMEENTERPXJJ,2026-02-21T15:14:00Z
bl_setl_synth_XO05QPAHKZ2U2TNH,XO05QPAHKZ2U2TNH,3327360,RZPX*ACMEENTERPXO05QPAH,2026-03-28T06:38:00Z
bl_setl_synth_XVL5PVYIOMK2EV5S,XVL5PVYIOMK2EV5S,4748492,RZPX*NORTHSTARCOXVL5PVYI,2026-01-29T04:35:00Z
bl_setl_synth_XXVA2IEUC1HH5LF6,XXVA2IEUC1HH5LF6,2269409,RZPX*ACMEENTERPXXVA2IEU,2026-01-31T04:13:00Z
bl_setl_synth_XYCELOS6ZLE6KWHE,XYCELOS6ZLE6KWHE,4780487,RZPX*GLOBALTRADEXYCELOS6,2026-04-09T19:42:00Z
bl_setl_synth_Y2REFJQIGYVZWD3K,Y2REFJQIGYVZWD3K,100890,RZPX*APEXRETAILY2REFJQI,2026-01-07T06:30:00Z
bl_setl_synth_Y6452H2ZQU7EEQTU,Y6452H2ZQU7EEQTU,4059027,RZPX*SUNRISEMARTY6452H2Z,2026-02-27T08:40:00Z
bl_setl_synth_YBD2QE4PA8HYEXF7,YBD2QE4PA8HYEXF7,1079413,RZPX*SUNRISEMARTYBD2QE4P,2026-03-20T17:02:00Z
bl_setl_synth_YEQAHTHSJR0FZAUX,YEQAHTHSJR0FZAUX,1219333,RZPX*ACMEENTERPYEQAHTHS,2026-04-28T10:00:00Z
bl_setl_synth_YHEY66P61XUFCTZG,YHEY66P61XUFCTZG,1703237,RZPX*GLOBALTRADEYHEY66P6,2026-03-31T05:01:00Z
bl_setl_synth_YHNQYYF9RK7D30MM,YHNQYYF9RK7D30MM,1828094,RZPX*GLOBALTRADEYHNQYYF9,2026-03-13T18:01:00Z
bl_setl_synth_YJHU8MYIKCGRLXYF,YJHU8MYIKCGRLXYF,3787819,RZPX*NORTHSTARCOYJHU8MYI,2026-03-30T18:55:00Z
bl_setl_synth_YLURTP0LZJJEGET1,YLURTP0LZJJEGET1,150996,RZPX*GLOBALTRADEYLURTP0L,2026-01-18T10:15:00Z
bl_setl_synth_YM52XG8P6BEFFLZM,YM52XG8P6BEFFLZM,2606422,RZPX*NORTHSTARCOYM52XG8P,2026-03-30T02:46:00Z
bl_setl_synth_YO4RCB1KJTGQ01TE,YO4RCB1KJTGQ01TE,4609478,RZPX*ACMEENTERPYO4RCB1K,2026-03-12T22:31:00Z
bl_setl_synth_YQMLH13C71UD2ZDL,YQMLH13C71UD2ZDL,1452704,RZPX*APEXRETAILYQMLH13C,2026-03-24T20:40:00Z
bl_setl_synth_YRDDP0NEC8UYO57P,YRDDP0NEC8UYO57P,2569530,RZPX*ACMEENTERPYRDDP0NE,2026-04-02T08:47:00Z
bl_setl_synth_YWD14VE92MPNSM43,YWD14VE92MPNSM43,3258615,RZPX*ACMEENTERPYWD14VE9,2026-05-07T07:05:00Z
bl_setl_synth_YZPD2TSXTV76T94O,YZPD2TSXTV76T94O,873993,RZPX*APEXRETAILYZPD2TSX,2026-04-15T21:59:00Z
bl_setl_synth_Z11L6SPBNQS3QT36,Z11L6SPBNQS3QT36,4706248,RZPX*ACMEENTERP7F3A20,2026-03-06T00:00:00Z
bl_setl_synth_Z2EI9212PGYME6RP,Z2EI9212PGYME6RP,501630,RZPX*SUNRISEMARTZ2EI9212,2026-01-14T12:13:00Z
bl_setl_synth_Z61231YV2STN7E36,Z61231YV2STN7E36,3736328,RZPX*GLOBALTRADEZ61231YV,2026-04-12T20:54:00Z
bl_setl_synth_ZAWNYTK1ZWUHYWM7,ZAWNYTK1ZWUHYWM7,192316,RZPX*NORTHSTARCOZAWNYTK1,2026-04-18T12:53:00Z
bl_setl_synth_ZEGBL2QGV3DR2H2P,ZEGBL2QGV3DR2H2P,474132,RZPX*APEXRETAILZEGBL2QG,2026-01-25T16:42:00Z
bl_setl_synth_ZHYAPDSWZP6SWK2R,ZHYAPDSWZP6SWK2R,3124284,RZPX*NORTHSTARCOZHYAPDSW,2026-01-22T18:56:00Z
bl_setl_synth_ZN4REGB1AJO091C7,ZN4REGB1AJO091C7,3913439,RZPX*APEXRETAILZN4REGB1,2026-01-24T17:24:00Z
bl_setl_synth_ZPEAL2W37D4IVSOL,ZPEAL2W37D4IVSOL,2573929,RZPX*SUNRISEMARTZPEAL2W3,2026-03-21T14:52:00Z
bl_setl_synth_ZXTNSRTWLXDSC4E5,ZXTNSRTWLXDSC4E5,2991771,RZPX*GLOBALTRADEZXTNSRTW,2026-04-16T21:21:00Z
bl_setl_synth_ZZQY72WX7PTX63CF,ZZQY72WX7PTX63CF,3858646,RZPX*SUNRISEMARTZZQY72WX,2026-02-13T01:16:00Z
bl_stray_00288,LC8JPR7VGRF1HX6Z,824933,RZPX*ACMEENTERPLC8JPR7V,2026-01-13T00:00:00Z
bl_stray_00289,C01ARXABOFLOAZ1R,162923,RZPX*APEXRETAILC01ARXAB,2026-01-22T00:00:00Z
bl_stray_00290,INY2ET9MKB9XN4M4,1142732,RZPX*SUNRISEMARTINY2ET9M,2026-02-25T00:00:00Z
bl_stray_00291,T8XKODYR5PGBA9IN,380395,RZPX*NORTHSTARCOT8XKODYR,2026-03-24T00:00:00Z
bl_stray_00292,T4Q9BC2BE3YQY5FU,1057913,RZPX*ACMEENTERPT4Q9BC2B,2026-01-14T00:00:00Z
