order_id,order_amount_paise,currency,order_created_at,payment_id,payment_status,fee_paise,tax_paise,captured_at,refund_id,refund_amount_paise,refund_created_at
order_synth_00001,943912,INR,2026-01-08T09:23:00Z,pay_synth_00001,captured,18878,3398,2026-01-08T09:31:00Z,,,
order_synth_00002,3555146,INR,2026-02-17T09:29:00Z,pay_synth_00002,captured,71103,12799,2026-02-17T09:36:00Z,,,
order_synth_00003,394402,INR,2026-03-30T07:46:00Z,pay_synth_00003,captured,7888,1420,2026-03-30T07:49:00Z,,,
order_synth_00004,1852265,INR,2026-04-02T11:04:00Z,pay_synth_00004,captured,37045,6668,2026-04-02T11:12:00Z,,,
order_synth_00005,4905028,INR,2026-02-25T12:21:00Z,pay_synth_00005,captured,98101,17658,2026-02-25T12:26:00Z,,,
order_synth_00006,2248291,INR,2026-04-13T21:52:00Z,pay_synth_00006,captured,44966,8094,2026-04-13T21:56:00Z,,,
order_synth_00007,14797,INR,2026-03-22T11:03:00Z,pay_synth_00007,captured,296,53,2026-03-22T11:04:00Z,,,
order_synth_00008,3559538,INR,2026-02-01T18:24:00Z,pay_synth_00008,captured,71191,12814,2026-02-01T18:47:00Z,,,
order_synth_00009,604394,INR,2026-03-11T08:07:00Z,pay_synth_00009,captured,12088,2176,2026-03-11T08:29:00Z,,,
order_synth_00010,3387432,INR,2026-04-08T11:34:00Z,pay_synth_00010,captured,67749,12195,2026-04-08T11:42:00Z,,,
order_synth_00011,4083853,INR,2026-03-07T07:17:00Z,pay_synth_00011,captured,81677,14702,2026-03-07T07:46:00Z,,,
order_synth_00012,489537,INR,2026-01-11T19:56:00Z,pay_synth_00012,captured,9791,1762,2026-01-11T20:13:00Z,,,
order_synth_00013,2197461,INR,2026-01-31T22:51:00Z,pay_synth_00013,captured,43949,7911,2026-01-31T23:02:00Z,,,
order_synth_00014,2400647,INR,2026-01-25T14:57:00Z,pay_synth_00014,captured,48013,8642,2026-01-25T15:20:00Z,,,
order_synth_00015,4249678,INR,2026-03-08T08:34:00Z,pay_synth_00015,captured,84994,15299,2026-03-08T08:37:00Z,,,
order_synth_00016,1252300,INR,2026-03-01T04:21:00Z,pay_synth_00016,captured,25046,4508,2026-03-01T04:31:00Z,,,
order_synth_00017,3468576,INR,2026-01-08T06:07:00Z,pay_synth_00017,captured,69372,12487,2026-01-08T06:37:00Z,,,
order_synth_00018,1630090,INR,2026-02-25T11:12:00Z,pay_synth_00018,captured,32602,5868,2026-02-25T11:40:00Z,,,
order_synth_00019,4300127,INR,2026-01-19T13:08:00Z,pay_synth_00019,captured,86003,15481,2026-01-19T13:15:00Z,,,
order_synth_00020,3435848,INR,2026-02-15T13:44:00Z,pay_synth_00020,captured,68717,12369,2026-02-15T13:54:00Z,,,
order_synth_00021,3979373,INR,2026-04-16T05:47:00Z,pay_synth_00021,captured,79587,14326,2026-04-16T05:50:00Z,,,
order_synth_00022,4157136,INR,2026-02-25T08:19:00Z,pay_synth_00022,captured,83143,14966,2026-02-25T08:40:00Z,,,
order_synth_00023,3722574,INR,2026-03-24T17:13:00Z,pay_synth_00023,captured,74451,13401,2026-03-24T17:40:00Z,,,
order_synth_00024,1170765,INR,2026-01-24T07:53:00Z,pay_synth_00024,captured,23415,4215,2026-01-24T08:16:00Z,,,
order_synth_00025,3525005,INR,2026-03-14T18:38:00Z,pay_synth_00025,captured,70500,12690,2026-03-14T19:07:00Z,,,
order_synth_00026,3883007,INR,2026-01-28T01:42:00Z,pay_synth_00026,captured,77660,13979,2026-01-28T01:55:00Z,,,
order_synth_00027,2084362,INR,2026-01-30T00:41:00Z,pay_synth_00027,captured,41687,7504,2026-01-30T00:46:00Z,,,
order_synth_00028,3337378,INR,2026-05-05T06:46:00Z,pay_synth_00028,captured,66748,12015,2026-05-05T07:05:00Z,,,
order_synth_00029,3646657,INR,2026-02-20T21:41:00Z,pay_synth_00029,captured,72933,13128,2026-02-20T22:04:00Z,,,
order_synth_00030,3189192,INR,2026-02-17T00:58:00Z,pay_synth_00030,captured,63784,11481,2026-02-17T01:26:00Z,,,
order_synth_00031,154646,INR,2026-01-16T10:02:00Z,pay_synth_00031,captured,3093,557,2026-01-16T10:15:00Z,,,
order_synth_00032,1616762,INR,2026-02-01T16:31:00Z,pay_synth_00032,captured,32335,5820,2026-02-01T16:55:00Z,,,
order_synth_00033,112889,INR,2026-03-19T09:42:00Z,pay_synth_00033,captured,2258,406,2026-03-19T09:58:00Z,,,
order_synth_00034,1903200,INR,2026-04-14T17:50:00Z,pay_synth_00034,captured,38064,6852,2026-04-14T18:05:00Z,,,
order_synth_00035,3951911,INR,2026-02-11T01:06:00Z,pay_synth_00035,captured,79038,14227,2026-02-11T01:16:00Z,,,
order_synth_00036,4784854,INR,2026-05-02T09:51:00Z,pay_synth_00036,captured,95697,17225,2026-05-02T09:55:00Z,,,
order_synth_00037,4843910,INR,2026-01-10T05:58:00Z,pay_synth_00037,captured,96878,17438,2026-01-10T06:15:00Z,,,
order_synth_00038,317837,INR,2026-03-04T03:00:00Z,pay_synth_00038,captured,6357,1144,2026-03-04T03:09:00Z,,,
order_synth_00039,4076057,INR,2026-01-20T00:59:00Z,pay_synth_00039,captured,81521,14674,2026-01-20T01:19:00Z,,,
order_synth_00040,2054563,INR,2026-03-04T18:48:00Z,pay_synth_00040,captured,41091,7396,2026-03-04T19:01:00Z,,,
order_synth_00041,4527941,INR,2026-03-07T11:46:00Z,pay_synth_00041,captured,90559,16301,2026-03-07T12:04:00Z,,,
order_synth_00042,4165117,INR,2026-01-09T04:18:00Z,pay_synth_00042,captured,83302,14994,2026-01-09T04:37:00Z,,,
order_synth_00043,3197749,INR,2026-02-14T21:23:00Z,pay_synth_00043,captured,63955,11512,2026-02-14T21:52:00Z,,,
order_synth_00044,2470947,INR,2026-02-19T12:47:00Z,pay_synth_00044,captured,49419,8895,2026-02-19T12:52:00Z,,,
order_synth_00045,4595197,INR,2026-01-25T02:31:00Z,pay_synth_00045,captured,91904,16543,2026-01-25T02:43:00Z,,,
order_synth_00046,4757356,INR,2026-04-25T23:24:00Z,pay_synth_00046,captured,95147,17126,2026-04-25T23:26:00Z,,,
order_synth_00047,2601516,INR,2026-04-15T15:02:00Z,pay_synth_00047,captured,52030,9365,2026-04-15T15:21:00Z,,,
order_synth_00048,976113,INR,2026-03-05T02:34:00Z,pay_synth_00048,captured,19522,3514,2026-03-05T02:59:00Z,,,
order_synth_00049,1971440,INR,2026-03-06T00:51:00Z,pay_synth_00049,captured,39429,7097,2026-03-06T01:20:00Z,,,
order_synth_00050,4541463,INR,2026-02-27T20:02:00Z,pay_synth_00050,captured,90829,16349,2026-02-27T20:26:00Z,,,
order_synth_00051,2324261,INR,2026-01-29T04:10:00Z,pay_synth_00051,captured,46485,8367,2026-01-29T04:13:00Z,,,
order_synth_00052,2335949,INR,2026-04-24T04:56:00Z,pay_synth_00052,captured,46719,8409,2026-04-24T05:14:00Z,,,
order_synth_00053,3801696,INR,2026-03-10T07:33:00Z,pay_synth_00053,captured,76034,13686,2026-03-10T07:35:00Z,,,
order_synth_00054,4920394,INR,2026-03-16T11:05:00Z,pay_synth_00054,captured,98408,17713,2026-03-16T11:25:00Z,,,
order_synth_00055,2631637,INR,2026-03-31T08:42:00Z,pay_synth_00055,captured,52633,9474,2026-03-31T08:47:00Z,,,
order_synth_00056,2422810,INR,2026-03-22T10:39:00Z,pay_synth_00056,captured,48456,8722,2026-03-22T10:43:00Z,,,
order_synth_00057,252876,INR,2026-01-28T09:19:00Z,pay_synth_00057,captured,5058,910,2026-01-28T09:44:00Z,,,
order_synth_00058,722671,INR,2026-04-28T01:47:00Z,pay_synth_00058,captured,14453,2602,2026-04-28T01:53:00Z,,,
order_synth_00059,469544,INR,2026-01-05T06:58:00Z,pay_synth_00059,captured,9391,1690,2026-01-05T07:05:00Z,,,
order_synth_00060,2636142,INR,2026-03-19T14:39:00Z,pay_synth_00060,captured,52723,9490,2026-03-19T14:52:00Z,,,
order_synth_00061,1868681,INR,2026-02-16T05:44:00Z,pay_synth_00061,captured,37374,6727,2026-02-16T06:01:00Z,,,
order_synth_00062,4738955,INR,2026-04-12T19:46:00Z,pay_synth_00062,captured,94779,17060,2026-04-12T20:08:00Z,,,
order_synth_00063,653666,INR,2026-03-28T03:04:00Z,pay_synth_00063,captured,13073,2353,2026-03-28T03:24:00Z,,,
order_synth_00064,1457529,INR,2026-01-10T08:27:00Z,pay_synth_00064,captured,29151,5247,2026-01-10T08:42:00Z,,,
order_synth_00065,1271422,INR,2026-02-16T02:46:00Z,pay_synth_00065,captured,25428,4577,2026-02-16T03:08:00Z,,,
order_synth_00066,4275510,INR,2026-02-20T00:37:00Z,pay_synth_00066,captured,85510,15392,2026-02-20T00:47:00Z,,,
order_synth_00067,1303965,INR,2026-01-25T06:10:00Z,pay_synth_00067,captured,26079,4694,2026-01-25T06:35:00Z,,,
order_synth_00068,3705998,INR,2026-03-05T09:37:00Z,pay_synth_00068,captured,74120,13342,2026-03-05T09:54:00Z,,,
order_synth_00069,3679785,INR,2026-01-16T07:34:00Z,pay_synth_00069,captured,73596,13247,2026-01-16T08:03:00Z,,,
order_synth_00070,3945180,INR,2026-03-03T21:00:00Z,pay_synth_00070,captured,78904,14203,2026-03-03T21:29:00Z,,,
order_synth_00071,4333284,INR,2026-03-19T08:15:00Z,pay_synth_00071,captured,86666,15600,2026-03-19T08:20:00Z,,,
order_synth_00072,2137772,INR,2026-04-10T00:33:00Z,pay_synth_00072,captured,42755,7696,2026-04-10T00:59:00Z,,,
order_synth_00073,320242,INR,2026-02-11T06:52:00Z,pay_synth_00073,captured,6405,1153,2026-02-11T07:18:00Z,,,
order_synth_00074,3253411,INR,2026-02-17T06:22:00Z,pay_synth_00074,captured,65068,11712,2026-02-17T06:45:00Z,,,
order_synth_00075,3760795,INR,2026-01-10T12:02:00Z,pay_synth_00075,captured,75216,13539,2026-01-10T12:16:00Z,,,
order_synth_00076,4768392,INR,2026-01-09T20:39:00Z,pay_synth_00076,captured,95368,17166,2026-01-09T21:01:00Z,,,
order_synth_00077,2405592,INR,2026-04-03T16:45:00Z,pay_synth_00077,captured,48112,8660,2026-04-03T16:49:00Z,,,
order_synth_00078,3042416,INR,2026-03-11T07:39:00Z,pay_synth_00078,captured,60848,10953,2026-03-11T07:46:00Z,,,
order_synth_00079,2669420,INR,2026-03-28T02:31:00Z,pay_synth_00079,captured,53388,9610,2026-03-28T02:46:00Z,,,
order_synth_00080,2392769,INR,2026-04-23T02:41:00Z,pay_synth_00080,captured,47855,8614,2026-04-23T02:48:00Z,,,
order_synth_00081,4848307,INR,2026-02-07T22:13:00Z,pay_synth_00081,captured,96966,17454,2026-02-07T22:38:00Z,,,
order_synth_00082,2632132,INR,2026-04-25T10:53:00Z,pay_synth_00082,captured,52643,9476,2026-04-25T11:21:00Z,,,
order_synth_00083,2633242,INR,2026-01-29T05:26:00Z,pay_synth_00083,captured,52665,9480,2026-01-29T05:43:00Z,,,
order_synth_00084,2228559,INR,2026-04-08T12:29:00Z,pay_synth_00084,captured,44571,8023,2026-04-08T12:41:00Z,,,
order_synth_00085,1220202,INR,2026-01-30T20:33:00Z,pay_synth_00085,captured,24404,4393,2026-01-30T20:46:00Z,,,
order_synth_00086,4119131,INR,2026-04-05T19:12:00Z,pay_synth_00086,captured,82383,14829,2026-04-05T19:28:00Z,,,
order_synth_00087,4407579,INR,2026-03-26T21:09:00Z,pay_synth_00087,captured,88152,15867,2026-03-26T21:14:00Z,,,
order_synth_00088,2736713,INR,2026-03-30T16:19:00Z,pay_synth_00088,captured,54734,9852,2026-03-30T16:32:00Z,,,
order_synth_00089,1748772,INR,2026-04-03T16:41:00Z,pay_synth_00089,captured,34975,6296,2026-04-03T16:57:00Z,,,
order_synth_00090,4028808,INR,2026-02-01T06:53:00Z,pay_synth_00090,captured,80576,14504,2026-02-01T07:02:00Z,,,
order_synth_00091,3423387,INR,2026-03-29T16:14:00Z,pay_synth_00091,captured,68468,12324,2026-03-29T16:35:00Z,,,
order_synth_00092,4165581,INR,2026-01-28T09:52:00Z,pay_synth_00092,captured,83312,14996,2026-01-28T09:53:00Z,,,
order_synth_00093,2837901,INR,2026-04-16T10:04:00Z,pay_synth_00093,captured,56758,10216,2026-04-16T10:26:00Z,,,
order_synth_00094,4896034,INR,2026-04-07T19:33:00Z,pay_synth_00094,captured,97921,17626,2026-04-07T19:42:00Z,,,
order_synth_00095,3826637,INR,2026-04-10T20:40:00Z,pay_synth_00095,captured,76533,13776,2026-04-10T20:54:00Z,,,
order_synth_00096,4814169,INR,2026-03-14T05:06:00Z,pay_synth_00096,captured,96283,17331,2026-03-14T05:17:00Z,,,
order_synth_00097,1837888,INR,2026-03-20T02:29:00Z,pay_synth_00097,captured,36758,6616,2026-03-20T02:43:00Z,,,
order_synth_00098,3161143,INR,2026-01-15T23:18:00Z,pay_synth_00098,captured,63223,11380,2026-01-15T23:46:00Z,,,
order_synth_00099,1311252,INR,2026-02-09T06:26:00Z,pay_synth_00099,captured,26225,4720,2026-02-09T06:51:00Z,,,
order_synth_00100,1185542,INR,2026-03-10T09:52:00Z,pay_synth_00100,captured,23711,4268,2026-03-10T10:19:00Z,,,
order_synth_00101,4167568,INR,2026-01-11T11:45:00Z,pay_synth_00101,captured,83351,15003,2026-01-11T12:07:00Z,,,
order_synth_00102,2047244,INR,2026-02-06T06:56:00Z,pay_synth_00102,captured,40945,7370,2026-02-06T07:17:00Z,,,
order_synth_00103,138628,INR,2026-02-01T06:29:00Z,pay_synth_00103,captured,2773,499,2026-02-01T06:33:00Z,,,
order_synth_00104,2696311,INR,2026-05-02T06:56:00Z,pay_synth_00104,captured,53926,9707,2026-05-02T07:07:00Z,,,
order_synth_00105,4125414,INR,2026-03-04T05:44:00Z,pay_synth_00105,captured,82508,14851,2026-03-04T06:10:00Z,,,
order_synth_00106,86684,INR,2026-02-01T17:15:00Z,pay_synth_00106,captured,1734,312,2026-02-01T17:27:00Z,,,
order_synth_00107,907718,INR,2026-05-02T03:17:00Z,pay_synth_00107,captured,18154,3268,2026-05-02T03:22:00Z,,,
order_synth_00108,3191497,INR,2026-02-22T18:51:00Z,pay_synth_00108,captured,63830,11489,2026-02-22T18:53:00Z,,,
order_synth_00109,4565271,INR,2026-03-18T22:27:00Z,pay_synth_00109,captured,91305,16435,2026-03-18T22:33:00Z,,,
order_synth_00110,4210954,INR,2026-04-10T11:48:00Z,pay_synth_00110,captured,84219,15159,2026-04-10T11:52:00Z,,,
order_synth_00111,2487822,INR,2026-04-17T08:24:00Z,pay_synth_00111,captured,49756,8956,2026-04-17T08:27:00Z,,,
order_synth_00112,761777,INR,2026-02-19T18:55:00Z,pay_synth_00112,captured,15236,2742,2026-02-19T19:15:00Z,,,
order_synth_00113,2324935,INR,2026-02-27T10:13:00Z,pay_synth_00113,captured,46499,8370,2026-02-27T10:39:00Z,,,
order_synth_00114,1151894,INR,2026-02-12T10:56:00Z,pay_synth_00114,captured,23038,4147,2026-02-12T11:19:00Z,,,
order_synth_00115,235788,INR,2026-04-08T15:45:00Z,pay_synth_00115,captured,4716,849,2026-04-08T15:52:00Z,,,
order_synth_00116,3518960,INR,2026-03-15T01:15:00Z,pay_synth_00116,captured,70379,12668,2026-03-15T01:38:00Z,,,
order_synth_00117,1872280,INR,2026-03-11T17:42:00Z,pay_synth_00117,captured,37446,6740,2026-03-11T18:01:00Z,,,
order_synth_00118,4381428,INR,2026-03-07T11:53:00Z,pay_synth_00118,captured,87629,15773,2026-03-07T11:57:00Z,,,
order_synth_00119,3407784,INR,2026-03-26T06:17:00Z,pay_synth_00119,captured,68156,12268,2026-03-26T06:38:00Z,,,
order_synth_00120,2210779,INR,2026-03-31T16:42:00Z,pay_synth_00120,captured,44216,7959,2026-03-31T17:03:00Z,,,
order_synth_00121,4295109,INR,2026-02-23T14:16:00Z,pay_synth_00121,captured,85902,15462,2026-02-23T14:21:00Z,,,
order_synth_00122,4720891,INR,2026-03-10T22:17:00Z,pay_synth_00122,captured,94418,16995,2026-03-10T22:31:00Z,,,
order_synth_00123,2257215,INR,2026-04-14T18:32:00Z,pay_synth_00123,captured,45144,8126,2026-04-14T18:50:00Z,,,
order_synth_00124,1770585,INR,2026-04-18T20:04:00Z,pay_synth_00124,captured,35412,6374,2026-04-18T20:16:00Z,,,
order_synth_00125,1147402,INR,2026-04-11T14:02:00Z,pay_synth_00125,captured,22948,4131,2026-04-11T14:11:00Z,,,
order_synth_00126,2343926,INR,2026-04-03T12:35:00Z,pay_synth_00126,captured,46879,8438,2026-04-03T12:51:00Z,,,
order_synth_00127,1105503,INR,2026-03-18T16:33:00Z,pay_synth_00127,captured,22110,3980,2026-03-18T17:02:00Z,,,
order_synth_00128,792992,INR,2026-03-29T12:18:00Z,pay_synth_00128,captured,15860,2855,2026-03-29T12:21:00Z,,,
order_synth_00129,3552626,INR,2026-04-03T04:30:00Z,pay_synth_00129,captured,71053,12790,2026-04-03T04:33:00Z,,,
order_synth_00130,1279818,INR,2026-05-02T14:03:00Z,pay_synth_00130,captured,25596,4607,2026-05-02T14:25:00Z,,,
order_synth_00131,2540418,INR,2026-01-31T17:40:00Z,pay_synth_00131,captured,50808,9145,2026-01-31T17:57:00Z,,,
order_synth_00132,3075301,INR,2026-03-15T23:18:00Z,pay_synth_00132,captured,61506,11071,2026-03-15T23:43:00Z,,,
order_synth_00133,2337568,INR,2026-01-15T10:34:00Z,pay_synth_00133,captured,46751,8415,2026-01-15T10:51:00Z,,,
order_synth_00134,2604513,INR,2026-03-31T22:27:00Z,pay_synth_00134,captured,52090,9376,2026-03-31T22:33:00Z,,,
order_synth_00135,4404407,INR,2026-01-13T08:58:00Z,pay_synth_00135,captured,88088,15856,2026-01-13T09:17:00Z,,,
order_synth_00136,3222664,INR,2026-05-02T05:07:00Z,pay_synth_00136,captured,64453,11602,2026-05-02T05:37:00Z,,,
order_synth_00137,3373201,INR,2026-01-13T15:52:00Z,pay_synth_00137,captured,67464,12144,2026-01-13T16:17:00Z,,,
order_synth_00138,3449632,INR,2026-01-08T07:57:00Z,pay_synth_00138,captured,68993,12419,2026-01-08T08:09:00Z,,,
order_synth_00139,4370056,INR,2026-02-26T23:55:00Z,pay_synth_00139,captured,87401,15732,2026-02-27T00:10:00Z,,,
order_synth_00140,1969673,INR,2026-01-14T06:55:00Z,pay_synth_00140,captured,39393,7091,2026-01-14T07:20:00Z,,,
order_synth_00141,2759732,INR,2026-01-23T03:06:00Z,pay_synth_00141,captured,55195,9935,2026-01-23T03:14:00Z,,,
order_synth_00142,1106518,INR,2026-01-30T13:40:00Z,pay_synth_00142,captured,22130,3983,2026-01-30T14:02:00Z,,,
order_synth_00143,3643579,INR,2026-04-20T13:28:00Z,pay_synth_00143,captured,72872,13117,2026-04-20T13:29:00Z,,,
order_synth_00144,2100002,INR,2026-03-26T18:33:00Z,pay_synth_00144,captured,42000,7560,2026-03-26T18:46:00Z,,,
order_synth_00145,1349029,INR,2026-01-17T08:27:00Z,pay_synth_00145,captured,26981,4857,2026-01-17T08:35:00Z,,,
order_synth_00146,2960123,INR,2026-03-18T19:14:00Z,pay_synth_00146,captured,59202,10656,2026-03-18T19:33:00Z,,,
order_synth_00147,509591,INR,2026-01-07T05:02:00Z,pay_synth_00147,captured,10192,1835,2026-01-07T05:25:00Z,,,
order_synth_00148,4724207,INR,2026-04-03T20:56:00Z,pay_synth_00148,captured,94484,17007,2026-04-03T21:04:00Z,,,
order_synth_00149,883339,INR,2026-05-04T16:56:00Z,pay_synth_00149,captured,17667,3180,2026-05-04T17:07:00Z,,,
order_synth_00150,3686056,INR,2026-04-08T14:19:00Z,pay_synth_00150,captured,73721,13270,2026-04-08T14:48:00Z,,,
order_synth_00151,1359764,INR,2026-04-08T02:33:00Z,pay_synth_00151,captured,27195,4895,2026-04-08T03:02:00Z,,,
order_synth_00152,2504777,INR,2026-02-04T03:16:00Z,pay_synth_00152,captured,50096,9017,2026-02-04T03:29:00Z,,,
order_synth_00153,2233018,INR,2026-01-16T21:54:00Z,pay_synth_00153,captured,44660,8039,2026-01-16T22:07:00Z,,,
order_synth_00154,521568,INR,2026-04-22T13:12:00Z,pay_synth_00154,captured,10431,1878,2026-04-22T13:26:00Z,,,
order_synth_00155,1787463,INR,2026-04-18T06:34:00Z,pay_synth_00155,captured,35749,6435,2026-04-18T06:36:00Z,,,
order_synth_00156,4938945,INR,2026-03-12T14:19:00Z,pay_synth_00156,captured,98779,17780,2026-03-12T14:33:00Z,,,
order_synth_00157,1216723,INR,2026-03-25T20:46:00Z,pay_synth_00157,captured,24334,4380,2026-03-25T21:09:00Z,,,
order_synth_00158,3727081,INR,2026-04-14T10:57:00Z,pay_synth_00158,captured,74542,13418,2026-04-14T11:21:00Z,,,
order_synth_00159,1467414,INR,2026-01-29T06:51:00Z,pay_synth_00159,captured,29348,5283,2026-01-29T06:59:00Z,,,
order_synth_00160,768262,INR,2026-02-10T00:56:00Z,pay_synth_00160,captured,15365,2766,2026-02-10T00:58:00Z,,,
order_synth_00161,2572381,INR,2026-04-06T21:56:00Z,pay_synth_00161,captured,51448,9261,2026-04-06T22:10:00Z,,,
order_synth_00162,545504,INR,2026-02-17T09:26:00Z,pay_synth_00162,captured,10910,1964,2026-02-17T09:37:00Z,,,
order_synth_00163,3521183,INR,2026-02-25T13:15:00Z,pay_synth_00163,captured,70424,12676,2026-02-25T13:17:00Z,,,
order_synth_00164,4699497,INR,2026-04-12T06:14:00Z,pay_synth_00164,captured,93990,16918,2026-04-12T06:43:00Z,,,
order_synth_00165,1015088,INR,2026-04-26T23:14:00Z,pay_synth_00165,captured,20302,3654,2026-04-26T23:31:00Z,,,
order_synth_00166,3802097,INR,2026-02-09T07:08:00Z,pay_synth_00166,captured,76042,13688,2026-02-09T07:27:00Z,,,
order_synth_00167,2097279,INR,2026-02-02T23:40:00Z,pay_synth_00167,captured,41946,7550,2026-02-02T23:50:00Z,,,
order_synth_00168,170429,INR,2026-02-03T07:39:00Z,pay_synth_00168,captured,3409,614,2026-02-03T07:44:00Z,,,
order_synth_00169,3199799,INR,2026-01-20T18:40:00Z,pay_synth_00169,captured,63996,11519,2026-01-20T18:56:00Z,,,
order_synth_00170,1685619,INR,2026-04-14T08:58:00Z,pay_synth_00170,captured,33712,6068,2026-04-14T09:05:00Z,,,
order_synth_00171,2156578,INR,2026-03-28T07:53:00Z,pay_synth_00171,captured,43132,7764,2026-03-28T08:03:00Z,,,
order_synth_00172,2260742,INR,2026-04-27T03:10:00Z,pay_synth_00172,captured,45215,8139,2026-04-27T03:37:00Z,,,
order_synth_00173,4782643,INR,2026-04-01T14:57:00Z,pay_synth_00173,captured,95653,17218,2026-04-01T15:17:00Z,,,
order_synth_00174,4749666,INR,2026-02-02T22:51:00Z,pay_synth_00174,captured,94993,17099,2026-02-02T23:08:00Z,,,
order_synth_00175,638015,INR,2026-04-11T16:46:00Z,pay_synth_00175,captured,12760,2297,2026-04-11T16:54:00Z,,,
order_synth_00176,4683553,INR,2026-03-16T00:00:00Z,pay_synth_00176,captured,93671,16861,2026-03-16T00:26:00Z,,,
order_synth_00177,827360,INR,2026-04-12T22:29:00Z,pay_synth_00177,captured,16547,2978,2026-04-12T22:30:00Z,,,
order_synth_00178,1608690,INR,2026-04-06T11:32:00Z,pay_synth_00178,captured,32174,5791,2026-04-06T11:57:00Z,,,
order_synth_00179,4863265,INR,2026-01-27T04:22:00Z,pay_synth_00179,captured,97265,17508,2026-01-27T04:35:00Z,,,
order_synth_00180,2643274,INR,2026-04-06T18:53:00Z,pay_synth_00180,captured,52865,9516,2026-04-06T19:00:00Z,,,
order_synth_00181,4488701,INR,2026-02-10T14:25:00Z,pay_synth_00181,captured,89774,16159,2026-02-10T14:42:00Z,,,
order_synth_00182,1891626,INR,2026-04-10T22:05:00Z,pay_synth_00182,captured,37833,6810,2026-04-10T22:18:00Z,,,
order_synth_00183,3094836,INR,2026-04-11T20:05:00Z,pay_synth_00183,captured,61897,11141,2026-04-11T20:29:00Z,,,
order_synth_00184,345045,INR,2026-01-24T11:00:00Z,pay_synth_00184,captured,6901,1242,2026-01-24T11:02:00Z,,,
order_synth_00185,2794040,INR,2026-02-16T12:18:00Z,pay_synth_00185,captured,55881,10059,2026-02-16T12:25:00Z,,,
order_synth_00186,3246961,INR,2026-02-06T18:26:00Z,pay_synth_00186,captured,64939,11689,2026-02-06T18:36:00Z,,,
order_synth_00187,3568526,INR,2026-04-21T03:32:00Z,pay_synth_00187,captured,71371,12847,2026-04-21T03:50:00Z,,,
order_synth_00188,3265053,INR,2026-03-03T21:30:00Z,pay_synth_00188,captured,65301,11754,2026-03-03T21:44:00Z,,,
order_synth_00189,3324450,INR,2026-04-20T22:33:00Z,pay_synth_00189,captured,66489,11968,2026-04-20T22:49:00Z,,,
order_synth_00190,52193,INR,2026-03-19T20:21:00Z,pay_synth_00190,captured,1044,188,2026-03-19T20:39:00Z,,,
order_synth_00191,3879372,INR,2026-03-28T18:45:00Z,pay_synth_00191,captured,77587,13966,2026-03-28T18:55:00Z,,,
order_synth_00192,3067592,INR,2026-04-18T10:47:00Z,pay_synth_00192,captured,61352,11043,2026-04-18T10:53:00Z,,,
order_synth_00193,4528255,INR,2026-01-30T08:59:00Z,pay_synth_00193,captured,90565,16302,2026-01-30T09:28:00Z,,,
order_synth_00194,2451077,INR,2026-01-22T15:51:00Z,pay_synth_00194,captured,49022,8824,2026-01-22T16:08:00Z,,,
order_synth_00195,1845587,INR,2026-04-12T16:38:00Z,pay_synth_00195,captured,36912,6644,2026-04-12T16:41:00Z,,,
order_synth_00196,1468357,INR,2026-02-22T22:18:00Z,pay_synth_00196,captured,29367,5286,2026-02-22T22:30:00Z,,,
order_synth_00197,1784334,INR,2026-01-24T06:22:00Z,pay_synth_00197,captured,35687,6424,2026-01-24T06:34:00Z,,,
order_synth_00198,1241993,INR,2026-01-12T05:40:00Z,pay_synth_00198,captured,24840,4471,2026-01-12T06:10:00Z,,,
order_synth_00199,4294942,INR,2026-02-07T05:43:00Z,pay_synth_00199,captured,85899,15462,2026-02-07T06:05:00Z,,,
order_synth_00200,995799,INR,2026-01-16T16:27:00Z,pay_synth_00200,captured,19916,3585,2026-01-16T16:32:00Z,,,
order_synth_00201,829708,INR,2026-02-28T04:34:00Z,pay_synth_00201,captured,16594,2987,2026-02-28T04:50:00Z,,,
order_synth_00202,4920441,INR,2026-02-06T08:55:00Z,pay_synth_00202,captured,98409,17714,2026-02-06T09:09:00Z,,,
order_synth_00203,1937461,INR,2026-03-03T23:52:00Z,pay_synth_00203,captured,38749,6975,2026-03-03T23:56:00Z,,,
order_synth_00204,3233960,INR,2026-05-04T13:40:00Z,pay_synth_00204,captured,64679,11642,2026-05-04T14:01:00Z,,,
order_synth_00205,3027717,INR,2026-02-04T22:21:00Z,pay_synth_00205,captured,60554,10900,2026-02-04T22:27:00Z,,,
order_synth_00206,3824795,INR,2026-05-04T13:47:00Z,pay_synth_00206,captured,76496,13769,2026-05-04T13:48:00Z,,,
order_synth_00207,3874803,INR,2026-04-29T20:01:00Z,pay_synth_00207,captured,77496,13949,2026-04-29T20:17:00Z,,,
order_synth_00208,4007636,INR,2026-02-14T12:04:00Z,pay_synth_00208,captured,80153,14428,2026-02-14T12:33:00Z,,,
order_synth_00209,65563,INR,2026-04-12T18:28:00Z,pay_synth_00209,captured,1311,236,2026-04-12T18:56:00Z,,,
order_synth_00210,2923270,INR,2026-02-24T23:25:00Z,pay_synth_00210,captured,58465,10524,2026-02-24T23:40:00Z,,,
order_synth_00211,3525606,INR,2026-04-04T12:42:00Z,pay_synth_00211,captured,70512,12692,2026-04-04T13:10:00Z,,,
order_synth_00212,4346968,INR,2026-03-14T10:46:00Z,pay_synth_00212,captured,86939,15649,2026-03-14T10:56:00Z,,,
order_synth_00213,1678981,INR,2026-03-19T19:39:00Z,pay_synth_00213,captured,33580,6044,2026-03-19T20:00:00Z,,,
order_synth_00214,608477,INR,2026-01-15T05:31:00Z,pay_synth_00214,captured,12170,2191,2026-01-15T05:39:00Z,,,
order_synth_00215,1776401,INR,2026-01-26T13:33:00Z,pay_synth_00215,captured,35528,6395,2026-01-26T13:37:00Z,,,
order_synth_00216,249673,INR,2026-01-09T22:38:00Z,pay_synth_00216,captured,4993,899,2026-01-09T23:06:00Z,,,
order_synth_00217,4050387,INR,2026-03-15T07:45:00Z,pay_synth_00217,captured,81008,14581,2026-03-15T08:00:00Z,,,
order_synth_00218,4608737,INR,2026-02-21T06:26:00Z,pay_synth_00218,captured,92175,16592,2026-02-21T06:55:00Z,,,
order_synth_00219,1587063,INR,2026-04-24T02:20:00Z,pay_synth_00219,captured,31741,5713,2026-04-24T02:25:00Z,,,
order_synth_00220,1831905,INR,2026-02-17T14:20:00Z,pay_synth_00220,captured,36638,6595,2026-02-17T14:46:00Z,,,
order_synth_00221,3237918,INR,2026-04-13T15:07:00Z,pay_synth_00221,captured,64758,11656,2026-04-13T15:31:00Z,,,
order_synth_00222,446941,INR,2026-04-25T22:45:00Z,pay_synth_00222,captured,8939,1609,2026-04-25T22:49:00Z,,,
order_synth_00223,513755,INR,2026-01-12T12:08:00Z,pay_synth_00223,captured,10275,1850,2026-01-12T12:13:00Z,,,
order_synth_00224,4562783,INR,2026-04-04T16:43:00Z,pay_synth_00224,captured,91256,16426,2026-04-04T17:02:00Z,,,
order_synth_00225,3064084,INR,2026-04-14T21:10:00Z,pay_synth_00225,captured,61282,11031,2026-04-14T21:21:00Z,,,
order_synth_00226,908043,INR,2026-03-08T06:32:00Z,pay_synth_00226,captured,18161,3269,2026-03-08T06:34:00Z,,,
order_synth_00227,3499268,INR,2026-04-20T12:35:00Z,pay_synth_00227,captured,69985,12597,2026-04-20T12:37:00Z,,,
order_synth_00228,895117,INR,2026-04-13T21:47:00Z,pay_synth_00228,captured,17902,3222,2026-04-13T21:59:00Z,,,
order_synth_00229,2723302,INR,2026-03-23T08:12:00Z,pay_synth_00229,captured,54466,9804,2026-03-23T08:30:00Z,,,
order_synth_00230,2324896,INR,2026-05-02T18:53:00Z,pay_synth_00230,captured,46498,8370,2026-05-02T19:11:00Z,,,
order_synth_00231,4843788,INR,2026-04-19T03:15:00Z,pay_synth_00231,captured,96876,17438,2026-04-19T03:36:00Z,,,
order_synth_00232,464058,INR,2026-02-13T17:53:00Z,pay_synth_00232,captured,9281,1671,2026-02-13T18:04:00Z,,,
order_synth_00233,4608235,INR,2026-02-25T08:57:00Z,pay_synth_00233,captured,92165,16590,2026-02-25T09:10:00Z,,,
order_synth_00234,3562916,INR,2026-02-20T11:53:00Z,pay_synth_00234,captured,71258,12826,2026-02-20T12:04:00Z,,,
order_synth_00235,1248805,INR,2026-04-26T09:49:00Z,pay_synth_00235,captured,24976,4496,2026-04-26T10:00:00Z,,,
order_synth_00236,2152923,INR,2026-01-26T02:03:00Z,pay_synth_00236,captured,43058,7750,2026-01-26T02:10:00Z,,,
order_synth_00237,2656236,INR,2026-03-08T20:22:00Z,pay_synth_00237,captured,53125,9562,2026-03-08T20:25:00Z,,,
order_synth_00238,2171571,INR,2026-04-27T13:12:00Z,pay_synth_00238,captured,43431,7818,2026-04-27T13:30:00Z,,,
order_synth_00239,1744405,INR,2026-03-29T04:43:00Z,pay_synth_00239,captured,34888,6280,2026-03-29T05:01:00Z,,,
order_synth_00240,257324,INR,2026-04-12T10:52:00Z,pay_synth_00240,captured,5146,926,2026-04-12T11:06:00Z,,,
order_synth_00241,4008029,INR,2026-01-22T17:08:00Z,pay_synth_00241,captured,80161,14429,2026-01-22T17:24:00Z,,,
order_synth_00242,4119938,INR,2026-04-03T11:05:00Z,pay_synth_00242,captured,82399,14832,2026-04-03T11:34:00Z,,,
order_synth_00243,4361193,INR,2026-03-14T13:30:00Z,pay_synth_00243,captured,87224,15700,2026-03-14T13:32:00Z,,,
order_synth_00244,959352,INR,2026-01-28T19:58:00Z,pay_synth_00244,captured,19187,3454,2026-01-28T20:16:00Z,,,
order_synth_00245,725603,INR,2026-03-13T13:06:00Z,pay_synth_00245,captured,14512,2612,2026-03-13T13:32:00Z,,,
order_synth_00246,1323766,INR,2026-01-28T04:00:00Z,pay_synth_00246,captured,26475,4766,2026-01-28T04:07:00Z,,,
order_synth_00247,17409,INR,2026-03-25T08:38:00Z,pay_synth_00247,captured,348,63,2026-03-25T08:53:00Z,,,
order_synth_00248,320915,INR,2026-01-12T22:17:00Z,pay_synth_00248,captured,6418,1155,2026-01-12T22:19:00Z,,,
order_synth_00249,314872,INR,2026-04-24T01:06:00Z,pay_synth_00249,captured,6297,1133,2026-04-24T01:25:00Z,,,
order_synth_00250,1767443,INR,2026-03-23T10:11:00Z,pay_synth_00250,captured,35349,6363,2026-03-23T10:41:00Z,,,
order_synth_00251,1600568,INR,2026-02-28T18:47:00Z,pay_synth_00251,captured,32011,5762,2026-02-28T18:57:00Z,,,
order_synth_00252,997374,INR,2026-01-22T04:09:00Z,pay_synth_00252,captured,19947,3590,2026-01-22T04:37:00Z,,,
order_synth_00253,585497,INR,2026-02-16T17:59:00Z,pay_synth_00253,captured,11710,2108,2026-02-16T18:16:00Z,,,
order_synth_00254,1298259,INR,2026-03-18T16:56:00Z,pay_synth_00254,captured,25965,4674,2026-03-18T17:20:00Z,,,
order_synth_00255,1335101,INR,2026-03-09T16:48:00Z,pay_synth_00255,captured,26702,4806,2026-03-09T17:17:00Z,,,
order_synth_00256,1288016,INR,2026-02-03T09:54:00Z,pay_synth_00256,captured,25760,4637,2026-02-03T09:55:00Z,,,
order_synth_00257,257898,INR,2026-01-08T15:52:00Z,pay_synth_00257,captured,5158,928,2026-01-08T16:18:00Z,,,
order_synth_00258,725887,INR,2026-02-24T19:25:00Z,pay_synth_00258,captured,14518,2613,2026-02-24T19:26:00Z,,,
order_synth_00259,1754920,INR,2026-01-27T06:37:00Z,pay_synth_00259,captured,35098,6318,2026-01-27T07:04:00Z,,,
order_synth_00260,718704,INR,2026-05-03T22:57:00Z,pay_synth_00260,captured,14374,2587,2026-05-03T23:27:00Z,,,
order_synth_00261,1005099,INR,2026-04-17T01:12:00Z,pay_synth_00261,captured,20102,3618,2026-04-17T01:17:00Z,,,
order_synth_00262,1019769,INR,2026-01-24T21:24:00Z,pay_synth_00262,captured,20395,3671,2026-01-24T21:53:00Z,,,
order_synth_00263,598167,INR,2026-04-22T01:03:00Z,pay_synth_00263,captured,11963,2153,2026-04-22T01:16:00Z,rfnd_synth_00264,101691,2026-04-27T01:16:00Z
order_synth_00265,1656146,INR,2026-01-09T06:53:00Z,pay_synth_00265,captured,33123,5962,2026-01-09T07:08:00Z,rfnd_synth_00266,638396,2026-01-16T07:08:00Z
order_synth_00267,252925,INR,2026-01-05T10:36:00Z,pay_synth_00267,captured,5058,910,2026-01-05T10:58:00Z,rfnd_synth_00268,40399,2026-01-10T10:58:00Z
order_synth_00269,250040,INR,2026-01-06T21:15:00Z,pay_synth_00269,captured,5001,900,2026-01-06T21:32:00Z,rfnd_synth_00270,67657,2026-01-10T21:32:00Z
order_synth_00271,1487816,INR,2026-03-22T20:13:00Z,pay_synth_00271,captured,29756,5356,2026-03-22T20:40:00Z,rfnd_synth_00272,428815,2026-03-26T20:40:00Z
order_synth_00273,311406,INR,2026-04-25T21:03:00Z,pay_synth_00273,captured,10899,1962,2026-04-25T21:33:00Z,,,
order_synth_00274,693398,INR,2026-03-17T22:10:00Z,pay_synth_00274,captured,24269,4368,2026-03-17T22:36:00Z,,,
order_synth_00275,1560565,INR,2026-05-04T19:35:00Z,pay_synth_00275,captured,54620,9832,2026-05-04T19:39:00Z,,,
order_synth_00276,1597707,INR,2026-01-23T22:33:00Z,pay_synth_00276,captured,55920,10066,2026-01-23T22:48:00Z,,,
order_synth_00277,1787623,INR,2026-01-21T10:02:00Z,pay_synth_00277,captured,62567,11262,2026-01-21T10:14:00Z,,,
order_synth_00278,404740,INR,2026-03-17T13:07:00Z,pay_synth_00278,captured,8095,1457,2026-03-17T13:34:00Z,,,
order_synth_00279,1317046,INR,2026-01-28T15:30:00Z,pay_synth_00279,captured,26341,4741,2026-01-28T15:44:00Z,,,
order_synth_00280,1458077,INR,2026-01-15T04:50:00Z,pay_synth_00280,captured,29162,5249,2026-01-15T05:14:00Z,,,
order_synth_00281,1642689,INR,2026-01-06T16:00:00Z,pay_synth_00281,captured,32854,5914,2026-01-06T16:17:00Z,,,
order_synth_00282,1706377,INR,2026-04-09T21:18:00Z,pay_synth_00282,captured,34128,6143,2026-04-09T21:28:00Z,,,
order_synth_00283,1026947,INR,2026-01-28T18:00:00Z,pay_synth_00283,captured,20539,3697,2026-01-28T18:11:00Z,,,
order_synth_00284,361483,INR,2026-03-05T13:36:00Z,pay_synth_00284,captured,7230,1301,2026-03-05T13:46:00Z,,,
order_synth_00285,1346775,INR,2026-02-19T14:44:00Z,pay_synth_00285,captured,26936,4848,2026-02-19T15:14:00Z,,,
order_synth_00286,1754179,INR,2026-01-13T00:24:00Z,pay_synth_00286,captured,35084,6315,2026-01-13T00:28:00Z,,,
order_synth_00287,1386559,INR,2026-04-12T22:06:00Z,pay_synth_00287,captured,27731,4992,2026-04-12T22:32:00Z,,,
order_synth_00293,485592,INR,2026-01-23T16:41:00Z,pay_synth_00293,captured,9712,1748,2026-01-23T16:42:00Z,,,
order_synth_00294,485592,INR,2026-03-06T21:06:00Z,pay_synth_00294,captured,9712,1748,2026-03-06T21:14:00Z,,,
order_synth_00295,269992,INR,2026-01-20T23:21:00Z,pay_synth_00295,captured,5400,972,2026-01-20T23:39:00Z,,,
order_synth_00296,269992,INR,2026-01-22T10:58:00Z,pay_synth_00296,captured,5400,972,2026-01-22T11:23:00Z,,,
order_synth_00297,103329,INR,2026-01-05T06:07:00Z,pay_synth_00297,captured,2067,372,2026-01-05T06:30:00Z,,,
order_synth_00298,103329,INR,2026-03-29T20:15:00Z,pay_synth_00298,captured,2067,372,2026-03-29T20:29:00Z,,,
order_synth_00299,102396,INR,2026-03-17T08:02:00Z,pay_synth_00299,captured,2048,369,2026-03-17T08:06:00Z,,,
order_synth_00300,102396,INR,2026-03-13T03:15:00Z,pay_synth_00300,captured,2048,369,2026-03-13T03:27:00Z,,,
order_synth_00301,327893,INR,2026-02-06T11:24:00Z,pay_synth_00301,captured,6558,1180,2026-02-06T11:50:00Z,,,
order_synth_00302,327893,INR,2026-04-28T15:28:00Z,pay_synth_00302,captured,6558,1180,2026-04-28T15:32:00Z,,,
order_synth_00303,4820000,INR,2026-04-26T06:49:00Z,pay_synth_00303,captured,96400,17352,2026-04-26T07:18:00Z,,,
order_synth_00305,171566,INR,2026-01-19T15:53:00Z,pay_synth_00305,captured,3431,618,2026-01-19T16:07:00Z,,,
order_synth_00307,107604,INR,2026-04-08T14:36:00Z,pay_synth_00307,captured,2152,387,2026-04-08T15:04:00Z,,,
order_synth_00309,337209,INR,2026-03-09T08:12:00Z,pay_synth_00309,captured,6744,1214,2026-03-09T08:30:00Z,,,
order_synth_00311,196964,INR,2026-04-16T12:38:00Z,pay_synth_00311,captured,3939,709,2026-04-16T12:53:00Z,,,
order_synth_00313,4820000,INR,2026-05-01T23:01:00Z,pay_synth_00313,captured,96400,17352,2026-05-01T23:30:00Z,,,
order_synth_00314,336966,INR,2026-03-25T12:33:00Z,pay_synth_00314,captured,6739,1213,2026-03-25T12:56:00Z,,,
order_synth_00315,354881,INR,2026-03-21T22:43:00Z,pay_synth_00315,captured,7098,1278,2026-03-21T23:00:00Z,,,
order_synth_00316,335105,INR,2026-03-15T05:32:00Z,pay_synth_00316,captured,6702,1206,2026-03-15T05:42:00Z,,,
order_synth_00317,376002,INR,2026-02-02T09:29:00Z,pay_synth_00317,captured,7520,1354,2026-02-02T09:30:00Z,,,
